,latitude,longitude,1,2,3,4,5
0,59.2823 ,10.33004,,,,,
1,39.4803 ,-97.64928,,,,,
2,55.611735 ,37.665831,,,,,
3,29.961078 ,-81.340501,,,,,
4,30.04479 ,-98.039313,,,,,
5,27.557585 ,80.699477,,,,,
6,50.422389 ,30.505906,,,,,
7,u,n,k,n,o,w,n
8,40.393715 ,-3.676087,,,,,
9,40.416024 ,-3.696213,,,,,
10,u,n,k,n,o,w,n
11,36.718612 ,-4.496911,,,,,
12,u,n,k,n,o,w,n
13,u,n,k,n,o,w,n
14,u,n,k,n,o,w,n
15,u,n,k,n,o,w,n
16,u,n,k,n,o,w,n
17,12.4989 ,124.6377,,,,,
18,u,n,k,n,o,w,n
19,u,n,k,n,o,w,n
20,u,n,k,n,o,w,n
21,u,n,k,n,o,w,n
22,-12.763924 ,-40.969305,,,,,
23,38.09032 ,-92.29267,,,,,
24,14.18455 ,12.003467,,,,,
25,41.311421 ,19.446037,,,,,
26,u,n,k,n,o,w,n
27,u,n,k,n,o,w,n
28,u,n,k,n,o,w,n
29,14.718301 ,-17.27781,,,,,
30,u,n,k,n,o,w,n
31,u,n,k,n,o,w,n
32,-13.716985 ,-76.205805,,,,,
33,26.407384 ,93.25513,,,,,
34,u,n,k,n,o,w,n
35,u,n,k,n,o,w,n
36,u,n,k,n,o,w,n
37,u,n,k,n,o,w,n
38,28.486359 ,-16.317929,,,,,
39,41.648971 ,-4.713868,,,,,
40,40.483359 ,-3.667923,,,,,
41,59.927468 ,40.396485,,,,,
42,u,n,k,n,o,w,n
43,u,n,k,n,o,w,n
44,40.927641 ,-8.572243,,,,,
45,u,n,k,n,o,w,n
46,u,n,k,n,o,w,n
47,53.16667 ,-7.02121,,,,,
48,u,n,k,n,o,w,n
49,43.045331 ,-9.246803,,,,,
50,20.646389 ,-103.413621,,,,,
51,u,n,k,n,o,w,n
52,40 ,-4,,,,,
53,u,n,k,n,o,w,n
54,9.427095 ,49.002487,,,,,
55,u,n,k,n,o,w,n
56,u,n,k,n,o,w,n
57,u,n,k,n,o,w,n
58,31.31517 ,-85.85522,,,,,
59,41.76797 ,-76.442844,,,,,
60,45.16667 ,15.5,,,,,
61,u,n,k,n,o,w,n
62,38.009583 ,-3.369091,,,,,
63,22 ,-102.5,,,,,
64,44.432114 ,26.105103,,,,,
65,36.713508 ,-4.432622,,,,,
66,u,n,k,n,o,w,n
67,52.01991 ,-128.27791,,,,,
68,u,n,k,n,o,w,n
69,9.598 ,138.1665,,,,,
70,u,n,k,n,o,w,n
71,u,n,k,n,o,w,n
72,u,n,k,n,o,w,n
73,u,n,k,n,o,w,n
74,-34.623945 ,-58.427,,,,,
75,u,n,k,n,o,w,n
76,55.857808 ,48.819654,,,,,
77,u,n,k,n,o,w,n
78,48.877368 ,2.330422,,,,,
79,48.829077 ,2.237703,,,,,
80,u,n,k,n,o,w,n
81,40 ,-4,,,,,
82,u,n,k,n,o,w,n
83,29.773333 ,-95.215543,,,,,
84,50.985836 ,-0.273958,,,,,
85,u,n,k,n,o,w,n
86,52.097217 ,5.0646,,,,,
87,u,n,k,n,o,w,n
88,u,n,k,n,o,w,n
89,u,n,k,n,o,w,n
90,5.343059 ,-3.989415,,,,,
91,u,n,k,n,o,w,n
92,u,n,k,n,o,w,n
93,2.384034 ,30.920685,,,,,
94,u,n,k,n,o,w,n
95,50.106603 ,8.669371,,,,,
96,52.845879 ,8.040395,,,,,
97,42.83333 ,12.83333,,,,,
98,32.793686 ,-97.407725,,,,,
99,35.463688 ,-97.604454,,,,,
100,28.136787 ,-16.670687,,,,,
101,u,n,k,n,o,w,n
102,48.698425 ,9.165179,,,,,
103,38.46806 ,106.27306,,,,,
104,u,n,k,n,o,w,n
105,u,n,k,n,o,w,n
106,22.681197 ,75.879578,,,,,
107,8.4115 ,-75.58508,,,,,
108,55.835634 ,37.954136,,,,,
109,38.46806 ,106.27306,,,,,
110,14.571417 ,120.983441,,,,,
111,30.60497 ,-87.898838,,,,,
112,45.285795 ,-75.935494,,,,,
113,43.83768 ,7.85849,,,,,
114,u,n,k,n,o,w,n
115,u,n,k,n,o,w,n
116,u,n,k,n,o,w,n
117,13.791835 ,121.070425,,,,,
118,12.936882 ,77.582079,,,,,
119,u,n,k,n,o,w,n
120,8.5 ,-11.5,,,,,
121,u,n,k,n,o,w,n
122,14.102352 ,122.843792,,,,,
123,u,n,k,n,o,w,n
124,u,n,k,n,o,w,n
125,42.24568 ,-122.78865,,,,,
126,52.514157 ,-2.077159,,,,,
127,u,n,k,n,o,w,n
128,8.035032 ,-76.336075,,,,,
129,u,n,k,n,o,w,n
130,u,n,k,n,o,w,n
131,u,n,k,n,o,w,n
132,29.961078 ,-81.340501,,,,,
133,40.393715 ,-3.676087,,,,,
134,u,n,k,n,o,w,n
135,36.718612 ,-4.496911,,,,,
136,u,n,k,n,o,w,n
137,37.540601 ,-5.079589,,,,,
138,12.4989 ,124.6377,,,,,
139,u,n,k,n,o,w,n
140,40.483359 ,-3.667923,,,,,
141,40 ,-4,,,,,
142,48.181161 ,11.585906,,,,,
143,38.345192 ,-0.527115,,,,,
144,24.433143 ,90.496538,,,,,
145,u,n,k,n,o,w,n
146,53.124575 ,8.711679,,,,,
147,51.347247 ,9.462564,,,,,
148,18.442154 ,-69.976878,,,,,
149,50.480869 ,9.730465,,,,,
150,9.145865 ,-79.617169,,,,,
151,u,n,k,n,o,w,n
152,40.454179 ,-3.700284,,,,,
153,u,n,k,n,o,w,n
154,u,n,k,n,o,w,n
155,u,n,k,n,o,w,n
156,12.4989 ,124.6377,,,,,
157,54.155568 ,38.1775,,,,,
158,u,n,k,n,o,w,n
159,u,n,k,n,o,w,n
160,40 ,-4,,,,,
161,46.946512 ,7.434997,,,,,
162,-7.437889 ,-70.028143,,,,,
163,u,n,k,n,o,w,n
164,u,n,k,n,o,w,n
165,u,n,k,n,o,w,n
166,u,n,k,n,o,w,n
167,40.393715 ,-3.676087,,,,,
168,u,n,k,n,o,w,n
169,u,n,k,n,o,w,n
170,u,n,k,n,o,w,n
171,u,n,k,n,o,w,n
172,38.683303 ,-9.342408,,,,,
173,40 ,-4,,,,,
174,40.483359 ,-3.667923,,,,,
175,59.927468 ,40.396485,,,,,
176,u,n,k,n,o,w,n
177,-15.244396 ,-40.24283,,,,,
178,u,n,k,n,o,w,n
179,u,n,k,n,o,w,n
180,25.334561 ,55.392918,,,,,
181,48.06572 ,11.614658,,,,,
182,u,n,k,n,o,w,n
183,34.94957 ,-81.93205,,,,,
184,u,n,k,n,o,w,n
185,u,n,k,n,o,w,n
186,8.5 ,-11.5,,,,,
187,39.594915 ,2.673811,,,,,
188,u,n,k,n,o,w,n
189,40.91534 ,-81.10593,,,,,
190,-15.763386 ,-47.88108,,,,,
191,u,n,k,n,o,w,n
192,u,n,k,n,o,w,n
193,u,n,k,n,o,w,n
194,40 ,-4,,,,,
195,u,n,k,n,o,w,n
196,u,n,k,n,o,w,n
197,41.94514 ,25.07868,,,,,
198,u,n,k,n,o,w,n
199,-26.828806 ,-65.208318,,,,,
200,u,n,k,n,o,w,n
201,u,n,k,n,o,w,n
202,54.326624 ,10.105359,,,,,
203,52.507568 ,13.391332,,,,,
204,12.832143 ,80.223782,,,,,
205,u,n,k,n,o,w,n
206,48.555132 ,12.743875,,,,,
207,45.339841 ,-75.910723,,,,,
208,29.961078 ,-81.340501,,,,,
209,30.04479 ,-98.039313,,,,,
210,u,n,k,n,o,w,n
211,52.498252 ,-2.002874,,,,,
212,38.46806 ,106.27306,,,,,
213,15.760691 ,43.686232,,,,,
214,25.029422 ,-77.361956,,,,,
215,43.569326 ,1.38676,,,,,
216,33.588178 ,-100.217897,,,,,
217,40.393715 ,-3.676087,,,,,
218,40.416024 ,-3.696213,,,,,
219,u,n,k,n,o,w,n
220,u,n,k,n,o,w,n
221,29.88628 ,-95.494941,,,,,
222,40 ,-4,,,,,
223,u,n,k,n,o,w,n
224,u,n,k,n,o,w,n
225,u,n,k,n,o,w,n
226,u,n,k,n,o,w,n
227,u,n,k,n,o,w,n
228,41.412355 ,2.197328,,,,,
229,37.540601 ,-5.079589,,,,,
230,12.4989 ,124.6377,,,,,
231,u,n,k,n,o,w,n
232,u,n,k,n,o,w,n
233,u,n,k,n,o,w,n
234,u,n,k,n,o,w,n
235,25.029422 ,-77.361956,,,,,
236,u,n,k,n,o,w,n
237,41.406739 ,2.132058,,,,,
238,u,n,k,n,o,w,n
239,u,n,k,n,o,w,n
240,33.703837 ,72.978521,,,,,
241,41.395942 ,2.149939,,,,,
242,54.247107 ,-3.253915,,,,,
243,39.78373 ,-100.445882,,,,,
244,14.18455 ,12.003467,,,,,
245,41.311421 ,19.446037,,,,,
246,41.82046 ,1.86768,,,,,
247,u,n,k,n,o,w,n
248,43.451896 ,-3.871985,,,,,
249,u,n,k,n,o,w,n
250,18.833333 ,-98,,,,,
251,43.599429 ,-116.21314,,,,,
252,u,n,k,n,o,w,n
253,u,n,k,n,o,w,n
254,u,n,k,n,o,w,n
255,u,n,k,n,o,w,n
256,38.09032 ,-92.29267,,,,,
257,40.445524 ,-3.656695,,,,,
258,u,n,k,n,o,w,n
259,41.396587 ,2.15164,,,,,
260,u,n,k,n,o,w,n
261,u,n,k,n,o,w,n
262,u,n,k,n,o,w,n
263,u,n,k,n,o,w,n
264,41.394306 ,2.152455,,,,,
265,u,n,k,n,o,w,n
266,u,n,k,n,o,w,n
267,-36.846418 ,174.761639,,,,,
268,u,n,k,n,o,w,n
269,-13.716985 ,-76.205805,,,,,
270,52.171533 ,20.973048,,,,,
271,u,n,k,n,o,w,n
272,u,n,k,n,o,w,n
273,45.154542 ,-64.398833,,,,,
274,39.029027 ,-96.829684,,,,,
275,u,n,k,n,o,w,n
276,51.450806 ,-1.047016,,,,,
277,u,n,k,n,o,w,n
278,42.83333 ,12.83333,,,,,
279,u,n,k,n,o,w,n
280,40 ,-4,,,,,
281,u,n,k,n,o,w,n
282,u,n,k,n,o,w,n
283,u,n,k,n,o,w,n
284,28.486359 ,-16.317929,,,,,
285,u,n,k,n,o,w,n
286,49.95972 ,11.91072,,,,,
287,41.400178 ,2.191572,,,,,
288,40.483359 ,-3.667923,,,,,
289,33.374755 ,130.194511,,,,,
290,u,n,k,n,o,w,n
291,u,n,k,n,o,w,n
292,u,n,k,n,o,w,n
293,-12.162391 ,-76.997239,,,,,
294,u,n,k,n,o,w,n
295,40.927641 ,-8.572243,,,,,
296,40 ,-4,,,,,
297,40 ,-4,,,,,
298,u,n,k,n,o,w,n
299,u,n,k,n,o,w,n
300,41.397742 ,2.200686,,,,,
301,u,n,k,n,o,w,n
302,u,n,k,n,o,w,n
303,-15.244396 ,-40.24283,,,,,
304,u,n,k,n,o,w,n
305,40 ,-4,,,,,
306,u,n,k,n,o,w,n
307,u,n,k,n,o,w,n
308,41.396109 ,2.15224,,,,,
309,34.51147 ,-110.079608,,,,,
310,u,n,k,n,o,w,n
311,25.029422 ,-77.361956,,,,,
312,u,n,k,n,o,w,n
313,45.786731 ,4.813551,,,,,
314,40 ,-4,,,,,
315,-37.7 ,145.18333,,,,,
316,u,n,k,n,o,w,n
317,32 ,-6,,,,,
318,5.26176 ,-0.75897,,,,,
319,u,n,k,n,o,w,n
320,u,n,k,n,o,w,n
321,u,n,k,n,o,w,n
322,u,n,k,n,o,w,n
323,u,n,k,n,o,w,n
324,51.478049 ,-0.607207,,,,,
325,u,n,k,n,o,w,n
326,-37.786167 ,144.8908,,,,,
327,u,n,k,n,o,w,n
328,44.396444 ,-71.4396,,,,,
329,u,n,k,n,o,w,n
330,u,n,k,n,o,w,n
331,41.382788 ,2.142822,,,,,
332,u,n,k,n,o,w,n
333,u,n,k,n,o,w,n
334,u,n,k,n,o,w,n
335,u,n,k,n,o,w,n
336,40 ,-4,,,,,
337,31.205963 ,16.583621,,,,,
338,50.881401 ,4.28982,,,,,
339,u,n,k,n,o,w,n
340,u,n,k,n,o,w,n
341,u,n,k,n,o,w,n
342,u,n,k,n,o,w,n
343,u,n,k,n,o,w,n
344,-20.463137 ,-41.414873,,,,,
345,u,n,k,n,o,w,n
346,u,n,k,n,o,w,n
347,u,n,k,n,o,w,n
348,37.598532 ,-93.431586,,,,,
349,41.395983 ,2.196867,,,,,
350,u,n,k,n,o,w,n
351,-9.42547 ,147.111654,,,,,
352,u,n,k,n,o,w,n
353,38.09032 ,-92.29267,,,,,
354,31.31517 ,-85.85522,,,,,
355,u,n,k,n,o,w,n
356,40.883642 ,0.804529,,,,,
357,u,n,k,n,o,w,n
358,u,n,k,n,o,w,n
359,u,n,k,n,o,w,n
360,u,n,k,n,o,w,n
361,u,n,k,n,o,w,n
362,45.14914 ,11.82057,,,,,
363,u,n,k,n,o,w,n
364,u,n,k,n,o,w,n
365,6.996299 ,-9.471709,,,,,
366,u,n,k,n,o,w,n
367,u,n,k,n,o,w,n
368,u,n,k,n,o,w,n
369,u,n,k,n,o,w,n
370,u,n,k,n,o,w,n
371,48.849147 ,2.352669,,,,,
372,u,n,k,n,o,w,n
373,8.5 ,-11.5,,,,,
374,u,n,k,n,o,w,n
375,36.983414 ,-122.056168,,,,,
376,47.269234 ,11.182966,,,,,
377,u,n,k,n,o,w,n
378,50.857585 ,5.809624,,,,,
379,u,n,k,n,o,w,n
380,49.711287 ,-54.059949,,,,,
381,46.946512 ,7.434997,,,,,
382,u,n,k,n,o,w,n
383,41.36169 ,-83.62299,,,,,
384,25 ,45,,,,,
385,38.46806 ,106.27306,,,,,
386,u,n,k,n,o,w,n
387,u,n,k,n,o,w,n
388,4.25 ,-74.18333,,,,,
389,u,n,k,n,o,w,n
390,u,n,k,n,o,w,n
391,u,n,k,n,o,w,n
392,u,n,k,n,o,w,n
393,u,n,k,n,o,w,n
394,41.689785 ,-73.022303,,,,,
395,43.570125 ,17.874871,,,,,
396,u,n,k,n,o,w,n
397,36.223189 ,43.992625,,,,,
398,u,n,k,n,o,w,n
399,53.566578 ,9.965491,,,,,
400,u,n,k,n,o,w,n
401,48.315259 ,14.305121,,,,,
402,u,n,k,n,o,w,n
403,38.46806 ,106.27306,,,,,
404,u,n,k,n,o,w,n
405,8.616696 ,-13.198092,,,,,
406,u,n,k,n,o,w,n
407,49.170979 ,-66.334046,,,,,
408,9.598 ,138.1665,,,,,
409,u,n,k,n,o,w,n
410,44.632531 ,-93.371892,,,,,
411,19.426399 ,-99.170338,,,,,
412,50.451827 ,30.525852,,,,,
413,u,n,k,n,o,w,n
414,u,n,k,n,o,w,n
415,u,n,k,n,o,w,n
416,-26.891587 ,-49.085871,,,,,
417,u,n,k,n,o,w,n
418,41.135892 ,0.651719,,,,,
419,42.392616 ,-71.259491,,,,,
420,u,n,k,n,o,w,n
421,40.107509 ,-89.376854,,,,,
422,u,n,k,n,o,w,n
423,47.451068 ,8.565125,,,,,
424,u,n,k,n,o,w,n
425,51.465532 ,-0.213083,,,,,
426,u,n,k,n,o,w,n
427,u,n,k,n,o,w,n
428,u,n,k,n,o,w,n
429,u,n,k,n,o,w,n
430,50.969546 ,-0.883874,,,,,
431,u,n,k,n,o,w,n
432,u,n,k,n,o,w,n
433,-34.623945 ,-58.427,,,,,
434,42.242865 ,-83.744346,,,,,
435,u,n,k,n,o,w,n
436,55.857808 ,48.819654,,,,,
437,u,n,k,n,o,w,n
438,49.51281 ,5.935415,,,,,
439,48.829077 ,2.237703,,,,,
440,52.504678 ,13.449021,,,,,
441,-11.924823 ,-77.083473,,,,,
442,u,n,k,n,o,w,n
443,38.750319 ,-91.966016,,,,,
444,u,n,k,n,o,w,n
445,47.390891 ,8.055779,,,,,
446,u,n,k,n,o,w,n
447,u,n,k,n,o,w,n
448,50.985836 ,-0.273958,,,,,
449,u,n,k,n,o,w,n
450,40.62976 ,-91.31515,,,,,
451,37.230614 ,-94.831904,,,,,
452,48.841691 ,2.242722,,,,,
453,u,n,k,n,o,w,n
454,u,n,k,n,o,w,n
455,47.796439 ,9.624863,,,,,
456,u,n,k,n,o,w,n
457,u,n,k,n,o,w,n
458,48.034551 ,11.587031,,,,,
459,u,n,k,n,o,w,n
460,48.864212 ,2.360936,,,,,
461,u,n,k,n,o,w,n
462,u,n,k,n,o,w,n
463,u,n,k,n,o,w,n
464,26.493888 ,127.865372,,,,,
465,47.23333 ,22.65,,,,,
466,u,n,k,n,o,w,n
467,u,n,k,n,o,w,n
468,u,n,k,n,o,w,n
469,52.25 ,5.75,,,,,
470,u,n,k,n,o,w,n
471,38.46806 ,106.27306,,,,,
472,u,n,k,n,o,w,n
473,u,n,k,n,o,w,n
474,40 ,-4,,,,,
475,u,n,k,n,o,w,n
476,36.704301 ,-80.574791,,,,,
477,u,n,k,n,o,w,n
478,u,n,k,n,o,w,n
479,49.459294 ,9.889831,,,,,
480,50.459621 ,3.929831,,,,,
481,6.89359 ,80.596756,,,,,
482,47.107771 ,-101.352449,,,,,
483,u,n,k,n,o,w,n
484,46.263781 ,8.696755,,,,,
485,u,n,k,n,o,w,n
486,u,n,k,n,o,w,n
487,u,n,k,n,o,w,n
488,-23.26536 ,-45.892858,,,,,
489,u,n,k,n,o,w,n
490,u,n,k,n,o,w,n
491,u,n,k,n,o,w,n
492,u,n,k,n,o,w,n
493,u,n,k,n,o,w,n
494,-3.20333 ,-52.20639,,,,,
495,u,n,k,n,o,w,n
496,u,n,k,n,o,w,n
497,23.504868 ,72.41884,,,,,
498,47.449561 ,8.56496,,,,,
499,u,n,k,n,o,w,n
500,u,n,k,n,o,w,n
501,u,n,k,n,o,w,n
502,u,n,k,n,o,w,n
503,33.5102 ,36.29128,,,,,
504,8.5 ,-11.5,,,,,
505,u,n,k,n,o,w,n
506,u,n,k,n,o,w,n
507,33.7208 ,-117.75168,,,,,
508,40.558449 ,-8.413426,,,,,
509,u,n,k,n,o,w,n
510,u,n,k,n,o,w,n
511,u,n,k,n,o,w,n
512,52.845879 ,8.040395,,,,,
513,49.474632 ,8.509317,,,,,
514,u,n,k,n,o,w,n
515,52.388861 ,9.749965,,,,,
516,u,n,k,n,o,w,n
517,u,n,k,n,o,w,n
518,u,n,k,n,o,w,n
519,u,n,k,n,o,w,n
520,46.762732 ,-56.177695,,,,,
521,u,n,k,n,o,w,n
522,38.46806 ,106.27306,,,,,
523,u,n,k,n,o,w,n
524,u,n,k,n,o,w,n
525,u,n,k,n,o,w,n
526,52.079298 ,4.354722,,,,,
527,u,n,k,n,o,w,n
528,u,n,k,n,o,w,n
529,48.944688 ,8.381103,,,,,
530,u,n,k,n,o,w,n
531,u,n,k,n,o,w,n
532,u,n,k,n,o,w,n
533,u,n,k,n,o,w,n
534,u,n,k,n,o,w,n
535,35.679283 ,139.80956,,,,,
536,u,n,k,n,o,w,n
537,u,n,k,n,o,w,n
538,53.540602 ,14.552663,,,,,
539,36.168268 ,-86.779651,,,,,
540,u,n,k,n,o,w,n
541,13.007822 ,77.564494,,,,,
542,u,n,k,n,o,w,n
543,u,n,k,n,o,w,n
544,u,n,k,n,o,w,n
545,u,n,k,n,o,w,n
546,u,n,k,n,o,w,n
547,u,n,k,n,o,w,n
548,u,n,k,n,o,w,n
549,30.632654 ,-88.073234,,,,,
550,-26.672146 ,153.096088,,,,,
551,u,n,k,n,o,w,n
552,u,n,k,n,o,w,n
553,u,n,k,n,o,w,n
554,35.609479 ,140.305566,,,,,
555,u,n,k,n,o,w,n
556,u,n,k,n,o,w,n
557,u,n,k,n,o,w,n
558,u,n,k,n,o,w,n
559,u,n,k,n,o,w,n
560,u,n,k,n,o,w,n
561,8.5 ,-11.5,,,,,
562,u,n,k,n,o,w,n
563,u,n,k,n,o,w,n
564,u,n,k,n,o,w,n
565,u,n,k,n,o,w,n
566,u,n,k,n,o,w,n
567,34.23314 ,-102.41075,,,,,
568,u,n,k,n,o,w,n
569,u,n,k,n,o,w,n
570,8.5 ,-11.5,,,,,
571,u,n,k,n,o,w,n
572,u,n,k,n,o,w,n
573,u,n,k,n,o,w,n
574,u,n,k,n,o,w,n
575,37.942583 ,23.645261,,,,,
576,13.042322 ,77.529426,,,,,
577,u,n,k,n,o,w,n
578,u,n,k,n,o,w,n
579,u,n,k,n,o,w,n
580,u,n,k,n,o,w,n
581,13.16667 ,-59.53333,,,,,
582,u,n,k,n,o,w,n
583,u,n,k,n,o,w,n
584,u,n,k,n,o,w,n
585,u,n,k,n,o,w,n
586,u,n,k,n,o,w,n
587,46 ,2,,,,,
588,u,n,k,n,o,w,n
589,58.555202 ,26.712397,,,,,
590,43.233655 ,-2.764133,,,,,
591,-0.279479 ,-78.467519,,,,,
592,u,n,k,n,o,w,n
593,53.785571 ,-3.046295,,,,,
594,u,n,k,n,o,w,n
595,u,n,k,n,o,w,n
596,50.658549 ,6.694074,,,,,
597,36.052257 ,-102.002399,,,,,
598,u,n,k,n,o,w,n
599,22 ,-102.5,,,,,
600,40 ,-4,,,,,
601,u,n,k,n,o,w,n
602,u,n,k,n,o,w,n
603,51.537422 ,-0.061001,,,,,
604,u,n,k,n,o,w,n
605,u,n,k,n,o,w,n
606,u,n,k,n,o,w,n
607,u,n,k,n,o,w,n
608,u,n,k,n,o,w,n
609,u,n,k,n,o,w,n
610,u,n,k,n,o,w,n
611,u,n,k,n,o,w,n
612,u,n,k,n,o,w,n
613,u,n,k,n,o,w,n
614,37.540601 ,-5.079589,,,,,
615,42.83333 ,12.83333,,,,,
616,u,n,k,n,o,w,n
617,u,n,k,n,o,w,n
618,u,n,k,n,o,w,n
619,u,n,k,n,o,w,n
620,u,n,k,n,o,w,n
621,u,n,k,n,o,w,n
622,49.60241 ,2.80102,,,,,
623,u,n,k,n,o,w,n
624,u,n,k,n,o,w,n
625,60.165103 ,24.93999,,,,,
626,49.459294 ,9.889831,,,,,
627,u,n,k,n,o,w,n
628,46.263781 ,8.696755,,,,,
629,u,n,k,n,o,w,n
630,u,n,k,n,o,w,n
631,u,n,k,n,o,w,n
632,u,n,k,n,o,w,n
633,u,n,k,n,o,w,n
634,8.5 ,-11.5,,,,,
635,50.178288 ,8.918453,,,,,
636,u,n,k,n,o,w,n
637,u,n,k,n,o,w,n
638,48.09918 ,-0.79292,,,,,
639,u,n,k,n,o,w,n
640,u,n,k,n,o,w,n
641,43.36662 ,-5.86112,,,,,
642,u,n,k,n,o,w,n
643,51.068049 ,13.779595,,,,,
644,46.06085 ,13.23401,,,,,
645,u,n,k,n,o,w,n
646,u,n,k,n,o,w,n
647,29.961078 ,-81.340501,,,,,
648,u,n,k,n,o,w,n
649,36.718612 ,-4.496911,,,,,
650,u,n,k,n,o,w,n
651,u,n,k,n,o,w,n
652,54.155568 ,38.1775,,,,,
653,41.311421 ,19.446037,,,,,
654,u,n,k,n,o,w,n
655,28.486359 ,-16.317929,,,,,
656,41.648971 ,-4.713868,,,,,
657,u,n,k,n,o,w,n
658,u,n,k,n,o,w,n
659,25.54389 ,-103.41898,,,,,
660,u,n,k,n,o,w,n
661,8.5 ,-11.5,,,,,
662,-7.437889 ,-70.028143,,,,,
663,u,n,k,n,o,w,n
664,38.46806 ,106.27306,,,,,
665,u,n,k,n,o,w,n
666,48.841691 ,2.242722,,,,,
667,u,n,k,n,o,w,n
668,u,n,k,n,o,w,n
669,-38.65333 ,178.00417,,,,,
670,u,n,k,n,o,w,n
671,u,n,k,n,o,w,n
672,u,n,k,n,o,w,n
673,u,n,k,n,o,w,n
674,-34.89478 ,-56.192477,,,,,
675,u,n,k,n,o,w,n
676,40.91534 ,-81.10593,,,,,
677,-15.763386 ,-47.88108,,,,,
678,u,n,k,n,o,w,n
679,u,n,k,n,o,w,n
680,25 ,45,,,,,
681,u,n,k,n,o,w,n
682,40 ,-4,,,,,
683,u,n,k,n,o,w,n
684,u,n,k,n,o,w,n
685,-37.7 ,145.18333,,,,,
686,41.94514 ,25.07868,,,,,
687,45.5867 ,5.16286,,,,,
688,u,n,k,n,o,w,n
689,-26.828806 ,-65.208318,,,,,
690,u,n,k,n,o,w,n
691,u,n,k,n,o,w,n
692,54.326624 ,10.105359,,,,,
693,18.596157 ,73.687473,,,,,
694,52.507568 ,13.391332,,,,,
695,12.832143 ,80.223782,,,,,
696,u,n,k,n,o,w,n
697,48.555132 ,12.743875,,,,,
698,45.339841 ,-75.910723,,,,,
699,29.961078 ,-81.340501,,,,,
700,30.04479 ,-98.039313,,,,,
701,u,n,k,n,o,w,n
702,52.498252 ,-2.002874,,,,,
703,38.46806 ,106.27306,,,,,
704,15.760691 ,43.686232,,,,,
705,47.852823 ,1.911113,,,,,
706,43.569326 ,1.38676,,,,,
707,33.588178 ,-100.217897,,,,,
708,40.393715 ,-3.676087,,,,,
709,40.416024 ,-3.696213,,,,,
710,u,n,k,n,o,w,n
711,u,n,k,n,o,w,n
712,29.88628 ,-95.494941,,,,,
713,40 ,-4,,,,,
714,36.718612 ,-4.496911,,,,,
715,u,n,k,n,o,w,n
716,u,n,k,n,o,w,n
717,u,n,k,n,o,w,n
718,u,n,k,n,o,w,n
719,u,n,k,n,o,w,n
720,u,n,k,n,o,w,n
721,41.412355 ,2.197328,,,,,
722,37.540601 ,-5.079589,,,,,
723,12.4989 ,124.6377,,,,,
724,u,n,k,n,o,w,n
725,u,n,k,n,o,w,n
726,u,n,k,n,o,w,n
727,u,n,k,n,o,w,n
728,u,n,k,n,o,w,n
729,54.155568 ,38.1775,,,,,
730,u,n,k,n,o,w,n
731,41.406739 ,2.132058,,,,,
732,u,n,k,n,o,w,n
733,u,n,k,n,o,w,n
734,33.703837 ,72.978521,,,,,
735,41.395942 ,2.149939,,,,,
736,54.247107 ,-3.253915,,,,,
737,38.09032 ,-92.29267,,,,,
738,39.78373 ,-100.445882,,,,,
739,14.18455 ,12.003467,,,,,
740,41.311421 ,19.446037,,,,,
741,41.82046 ,1.86768,,,,,
742,u,n,k,n,o,w,n
743,43.451896 ,-3.871985,,,,,
744,u,n,k,n,o,w,n
745,18.833333 ,-98,,,,,
746,43.599429 ,-116.21314,,,,,
747,u,n,k,n,o,w,n
748,u,n,k,n,o,w,n
749,u,n,k,n,o,w,n
750,u,n,k,n,o,w,n
751,38.09032 ,-92.29267,,,,,
752,40.445524 ,-3.656695,,,,,
753,u,n,k,n,o,w,n
754,41.396587 ,2.15164,,,,,
755,u,n,k,n,o,w,n
756,u,n,k,n,o,w,n
757,u,n,k,n,o,w,n
758,u,n,k,n,o,w,n
759,u,n,k,n,o,w,n
760,41.394306 ,2.152455,,,,,
761,41.611129 ,0.6272,,,,,
762,u,n,k,n,o,w,n
763,u,n,k,n,o,w,n
764,-36.846418 ,174.761639,,,,,
765,u,n,k,n,o,w,n
766,-13.716985 ,-76.205805,,,,,
767,52.171533 ,20.973048,,,,,
768,u,n,k,n,o,w,n
769,u,n,k,n,o,w,n
770,u,n,k,n,o,w,n
771,u,n,k,n,o,w,n
772,u,n,k,n,o,w,n
773,45.154542 ,-64.398833,,,,,
774,39.029027 ,-96.829684,,,,,
775,u,n,k,n,o,w,n
776,51.450806 ,-1.047016,,,,,
777,u,n,k,n,o,w,n
778,42.83333 ,12.83333,,,,,
779,u,n,k,n,o,w,n
780,u,n,k,n,o,w,n
781,40 ,-4,,,,,
782,u,n,k,n,o,w,n
783,u,n,k,n,o,w,n
784,u,n,k,n,o,w,n
785,28.486359 ,-16.317929,,,,,
786,u,n,k,n,o,w,n
787,49.95972 ,11.91072,,,,,
788,41.400178 ,2.191572,,,,,
789,40.483359 ,-3.667923,,,,,
790,33.374755 ,130.194511,,,,,
791,u,n,k,n,o,w,n
792,u,n,k,n,o,w,n
793,u,n,k,n,o,w,n
794,u,n,k,n,o,w,n
795,u,n,k,n,o,w,n
796,-12.162391 ,-76.997239,,,,,
797,u,n,k,n,o,w,n
798,40.927641 ,-8.572243,,,,,
799,40 ,-4,,,,,
800,40 ,-4,,,,,
801,u,n,k,n,o,w,n
802,u,n,k,n,o,w,n
803,41.397742 ,2.200686,,,,,
804,u,n,k,n,o,w,n
805,u,n,k,n,o,w,n
806,-15.244396 ,-40.24283,,,,,
807,u,n,k,n,o,w,n
808,u,n,k,n,o,w,n
809,40 ,-4,,,,,
810,u,n,k,n,o,w,n
811,u,n,k,n,o,w,n
812,41.396109 ,2.15224,,,,,
813,34.51147 ,-110.079608,,,,,
814,u,n,k,n,o,w,n
815,u,n,k,n,o,w,n
816,u,n,k,n,o,w,n
817,45.786731 ,4.813551,,,,,
818,40 ,-4,,,,,
819,-37.7 ,145.18333,,,,,
820,u,n,k,n,o,w,n
821,32 ,-6,,,,,
822,5.26176 ,-0.75897,,,,,
823,u,n,k,n,o,w,n
824,u,n,k,n,o,w,n
825,u,n,k,n,o,w,n
826,46.768653 ,17.655604,,,,,
827,u,n,k,n,o,w,n
828,43.045331 ,-9.246803,,,,,
829,u,n,k,n,o,w,n
830,51.478049 ,-0.607207,,,,,
831,u,n,k,n,o,w,n
832,-37.786167 ,144.8908,,,,,
833,44.843169 ,-93.440391,,,,,
834,u,n,k,n,o,w,n
835,44.396444 ,-71.4396,,,,,
836,u,n,k,n,o,w,n
837,u,n,k,n,o,w,n
838,41.382788 ,2.142822,,,,,
839,u,n,k,n,o,w,n
840,43.597919 ,1.395703,,,,,
841,u,n,k,n,o,w,n
842,u,n,k,n,o,w,n
843,u,n,k,n,o,w,n
844,u,n,k,n,o,w,n
845,40 ,-4,,,,,
846,31.205963 ,16.583621,,,,,
847,50.881401 ,4.28982,,,,,
848,u,n,k,n,o,w,n
849,u,n,k,n,o,w,n
850,u,n,k,n,o,w,n
851,u,n,k,n,o,w,n
852,u,n,k,n,o,w,n
853,-20.463137 ,-41.414873,,,,,
854,9.427095 ,49.002487,,,,,
855,u,n,k,n,o,w,n
856,u,n,k,n,o,w,n
857,u,n,k,n,o,w,n
858,37.598532 ,-93.431586,,,,,
859,41.395983 ,2.196867,,,,,
860,u,n,k,n,o,w,n
861,-9.42547 ,147.111654,,,,,
862,u,n,k,n,o,w,n
863,38.09032 ,-92.29267,,,,,
864,31.31517 ,-85.85522,,,,,
865,u,n,k,n,o,w,n
866,40.883642 ,0.804529,,,,,
867,u,n,k,n,o,w,n
868,u,n,k,n,o,w,n
869,u,n,k,n,o,w,n
870,40 ,-4,,,,,
871,u,n,k,n,o,w,n
872,u,n,k,n,o,w,n
873,u,n,k,n,o,w,n
874,51.068049 ,13.779595,,,,,
875,u,n,k,n,o,w,n
876,45.14914 ,11.82057,,,,,
877,u,n,k,n,o,w,n
878,48.16667 ,15.08333,,,,,
879,u,n,k,n,o,w,n
880,6.996299 ,-9.471709,,,,,
881,u,n,k,n,o,w,n
882,u,n,k,n,o,w,n
883,u,n,k,n,o,w,n
884,u,n,k,n,o,w,n
885,u,n,k,n,o,w,n
886,48.849147 ,2.352669,,,,,
887,u,n,k,n,o,w,n
888,u,n,k,n,o,w,n
889,8.5 ,-11.5,,,,,
890,u,n,k,n,o,w,n
891,36.983414 ,-122.056168,,,,,
892,47.269234 ,11.182966,,,,,
893,u,n,k,n,o,w,n
894,50.857585 ,5.809624,,,,,
895,u,n,k,n,o,w,n
896,49.711287 ,-54.059949,,,,,
897,46.946512 ,7.434997,,,,,
898,u,n,k,n,o,w,n
899,38.46806 ,106.27306,,,,,
900,41.36169 ,-83.62299,,,,,
901,25 ,45,,,,,
902,u,n,k,n,o,w,n
903,38.46806 ,106.27306,,,,,
904,u,n,k,n,o,w,n
905,u,n,k,n,o,w,n
906,4.25 ,-74.18333,,,,,
907,u,n,k,n,o,w,n
908,u,n,k,n,o,w,n
909,u,n,k,n,o,w,n
910,u,n,k,n,o,w,n
911,u,n,k,n,o,w,n
912,u,n,k,n,o,w,n
913,41.689785 ,-73.022303,,,,,
914,43.570125 ,17.874871,,,,,
915,u,n,k,n,o,w,n
916,36.223189 ,43.992625,,,,,
917,u,n,k,n,o,w,n
918,53.566578 ,9.965491,,,,,
919,u,n,k,n,o,w,n
920,48.315259 ,14.305121,,,,,
921,u,n,k,n,o,w,n
922,38.46806 ,106.27306,,,,,
923,u,n,k,n,o,w,n
924,8.616696 ,-13.198092,,,,,
925,u,n,k,n,o,w,n
926,u,n,k,n,o,w,n
927,49.170979 ,-66.334046,,,,,
928,44.375875 ,7.522388,,,,,
929,-22.47 ,-43.82556,,,,,
930,51.315348 ,9.539097,,,,,
931,52.275113 ,-1.547099,,,,,
932,9.598 ,138.1665,,,,,
933,u,n,k,n,o,w,n
934,44.632531 ,-93.371892,,,,,
935,19.426399 ,-99.170338,,,,,
936,50.451827 ,30.525852,,,,,
937,u,n,k,n,o,w,n
938,u,n,k,n,o,w,n
939,u,n,k,n,o,w,n
940,u,n,k,n,o,w,n
941,u,n,k,n,o,w,n
942,-26.891587 ,-49.085871,,,,,
943,u,n,k,n,o,w,n
944,u,n,k,n,o,w,n
945,48.110578 ,11.450668,,,,,
946,41.135892 ,0.651719,,,,,
947,42.392616 ,-71.259491,,,,,
948,u,n,k,n,o,w,n
949,40.107509 ,-89.376854,,,,,
950,u,n,k,n,o,w,n
951,47.451068 ,8.565125,,,,,
952,u,n,k,n,o,w,n
953,51.465532 ,-0.213083,,,,,
954,u,n,k,n,o,w,n
955,-22.854586 ,-47.049094,,,,,
956,u,n,k,n,o,w,n
957,u,n,k,n,o,w,n
958,u,n,k,n,o,w,n
959,50.969546 ,-0.883874,,,,,
960,u,n,k,n,o,w,n
961,55.763682 ,37.642162,,,,,
962,u,n,k,n,o,w,n
963,-34.623945 ,-58.427,,,,,
964,42.242865 ,-83.744346,,,,,
965,u,n,k,n,o,w,n
966,u,n,k,n,o,w,n
967,55.857808 ,48.819654,,,,,
968,u,n,k,n,o,w,n
969,u,n,k,n,o,w,n
970,49.51281 ,5.935415,,,,,
971,u,n,k,n,o,w,n
972,48.829077 ,2.237703,,,,,
973,u,n,k,n,o,w,n
974,52.504678 ,13.449021,,,,,
975,-11.924823 ,-77.083473,,,,,
976,u,n,k,n,o,w,n
977,38.750319 ,-91.966016,,,,,
978,u,n,k,n,o,w,n
979,u,n,k,n,o,w,n
980,38.46806 ,106.27306,,,,,
981,47.390891 ,8.055779,,,,,
982,u,n,k,n,o,w,n
983,u,n,k,n,o,w,n
984,50.985836 ,-0.273958,,,,,
985,u,n,k,n,o,w,n
986,40.62976 ,-91.31515,,,,,
987,37.230614 ,-94.831904,,,,,
988,48.841691 ,2.242722,,,,,
989,49.964436 ,11.603404,,,,,
990,u,n,k,n,o,w,n
991,u,n,k,n,o,w,n
992,47.796439 ,9.624863,,,,,
993,u,n,k,n,o,w,n
994,u,n,k,n,o,w,n
995,48.034551 ,11.587031,,,,,
996,u,n,k,n,o,w,n
997,48.864212 ,2.360936,,,,,
998,u,n,k,n,o,w,n
999,u,n,k,n,o,w,n
1000,u,n,k,n,o,w,n
1001,26.493888 ,127.865372,,,,,
1002,47.23333 ,22.65,,,,,
1003,u,n,k,n,o,w,n
1004,u,n,k,n,o,w,n
1005,u,n,k,n,o,w,n
1006,46.379475 ,11.106842,,,,,
1007,52.25 ,5.75,,,,,
1008,48.355657 ,9.915378,,,,,
1009,u,n,k,n,o,w,n
1010,38.46806 ,106.27306,,,,,
1011,u,n,k,n,o,w,n
1012,u,n,k,n,o,w,n
1013,40 ,-4,,,,,
1014,u,n,k,n,o,w,n
1015,u,n,k,n,o,w,n
1016,36.704301 ,-80.574791,,,,,
1017,u,n,k,n,o,w,n
1018,u,n,k,n,o,w,n
1019,49.459294 ,9.889831,,,,,
1020,u,n,k,n,o,w,n
1021,50.459621 ,3.929831,,,,,
1022,6.89359 ,80.596756,,,,,
1023,47.107771 ,-101.352449,,,,,
1024,u,n,k,n,o,w,n
1025,46.263781 ,8.696755,,,,,
1026,u,n,k,n,o,w,n
1027,u,n,k,n,o,w,n
1028,u,n,k,n,o,w,n
1029,-23.26536 ,-45.892858,,,,,
1030,u,n,k,n,o,w,n
1031,u,n,k,n,o,w,n
1032,u,n,k,n,o,w,n
1033,u,n,k,n,o,w,n
1034,u,n,k,n,o,w,n
1035,-3.20333 ,-52.20639,,,,,
1036,8.5 ,-11.5,,,,,
1037,u,n,k,n,o,w,n
1038,u,n,k,n,o,w,n
1039,23.504868 ,72.41884,,,,,
1040,47.449561 ,8.56496,,,,,
1041,u,n,k,n,o,w,n
1042,u,n,k,n,o,w,n
1043,u,n,k,n,o,w,n
1044,37.09784 ,41.4322,,,,,
1045,u,n,k,n,o,w,n
1046,u,n,k,n,o,w,n
1047,u,n,k,n,o,w,n
1048,33.5102 ,36.29128,,,,,
1049,8.5 ,-11.5,,,,,
1050,u,n,k,n,o,w,n
1051,u,n,k,n,o,w,n
1052,33.7208 ,-117.75168,,,,,
1053,40.558449 ,-8.413426,,,,,
1054,u,n,k,n,o,w,n
1055,u,n,k,n,o,w,n
1056,u,n,k,n,o,w,n
1057,52.845879 ,8.040395,,,,,
1058,49.474632 ,8.509317,,,,,
1059,47.5253 ,18.993636,,,,,
1060,52.854463 ,-119.246012,,,,,
1061,u,n,k,n,o,w,n
1062,52.388861 ,9.749965,,,,,
1063,u,n,k,n,o,w,n
1064,u,n,k,n,o,w,n
1065,u,n,k,n,o,w,n
1066,u,n,k,n,o,w,n
1067,u,n,k,n,o,w,n
1068,46.762732 ,-56.177695,,,,,
1069,u,n,k,n,o,w,n
1070,38.46806 ,106.27306,,,,,
1071,u,n,k,n,o,w,n
1072,u,n,k,n,o,w,n
1073,u,n,k,n,o,w,n
1074,u,n,k,n,o,w,n
1075,41.695095 ,2.509612,,,,,
1076,u,n,k,n,o,w,n
1077,52.079298 ,4.354722,,,,,
1078,u,n,k,n,o,w,n
1079,30.893878 ,-82.692347,,,,,
1080,u,n,k,n,o,w,n
1081,48.944688 ,8.381103,,,,,
1082,u,n,k,n,o,w,n
1083,u,n,k,n,o,w,n
1084,u,n,k,n,o,w,n
1085,u,n,k,n,o,w,n
1086,u,n,k,n,o,w,n
1087,35.679283 ,139.80956,,,,,
1088,55.835634 ,37.954136,,,,,
1089,u,n,k,n,o,w,n
1090,25.029422 ,-77.361956,,,,,
1091,u,n,k,n,o,w,n
1092,53.540602 ,14.552663,,,,,
1093,48.190028 ,16.351035,,,,,
1094,36.168268 ,-86.779651,,,,,
1095,u,n,k,n,o,w,n
1096,u,n,k,n,o,w,n
1097,13.007822 ,77.564494,,,,,
1098,u,n,k,n,o,w,n
1099,u,n,k,n,o,w,n
1100,u,n,k,n,o,w,n
1101,u,n,k,n,o,w,n
1102,u,n,k,n,o,w,n
1103,u,n,k,n,o,w,n
1104,u,n,k,n,o,w,n
1105,u,n,k,n,o,w,n
1106,30.632654 ,-88.073234,,,,,
1107,u,n,k,n,o,w,n
1108,-26.672146 ,153.096088,,,,,
1109,u,n,k,n,o,w,n
1110,u,n,k,n,o,w,n
1111,u,n,k,n,o,w,n
1112,u,n,k,n,o,w,n
1113,35.609479 ,140.305566,,,,,
1114,u,n,k,n,o,w,n
1115,u,n,k,n,o,w,n
1116,u,n,k,n,o,w,n
1117,u,n,k,n,o,w,n
1118,u,n,k,n,o,w,n
1119,u,n,k,n,o,w,n
1120,8.5 ,-11.5,,,,,
1121,u,n,k,n,o,w,n
1122,u,n,k,n,o,w,n
1123,u,n,k,n,o,w,n
1124,u,n,k,n,o,w,n
1125,u,n,k,n,o,w,n
1126,u,n,k,n,o,w,n
1127,34.23314 ,-102.41075,,,,,
1128,u,n,k,n,o,w,n
1129,u,n,k,n,o,w,n
1130,8.5 ,-11.5,,,,,
1131,u,n,k,n,o,w,n
1132,u,n,k,n,o,w,n
1133,u,n,k,n,o,w,n
1134,u,n,k,n,o,w,n
1135,u,n,k,n,o,w,n
1136,37.942583 ,23.645261,,,,,
1137,13.042322 ,77.529426,,,,,
1138,u,n,k,n,o,w,n
1139,u,n,k,n,o,w,n
1140,u,n,k,n,o,w,n
1141,u,n,k,n,o,w,n
1142,13.16667 ,-59.53333,,,,,
1143,u,n,k,n,o,w,n
1144,u,n,k,n,o,w,n
1145,39.322584 ,-76.608112,,,,,
1146,u,n,k,n,o,w,n
1147,u,n,k,n,o,w,n
1148,u,n,k,n,o,w,n
1149,u,n,k,n,o,w,n
1150,46 ,2,,,,,
1151,u,n,k,n,o,w,n
1152,58.555202 ,26.712397,,,,,
1153,43.233655 ,-2.764133,,,,,
1154,-0.279479 ,-78.467519,,,,,
1155,u,n,k,n,o,w,n
1156,53.785571 ,-3.046295,,,,,
1157,u,n,k,n,o,w,n
1158,u,n,k,n,o,w,n
1159,u,n,k,n,o,w,n
1160,50.658549 ,6.694074,,,,,
1161,36.052257 ,-102.002399,,,,,
1162,u,n,k,n,o,w,n
1163,u,n,k,n,o,w,n
1164,22 ,-102.5,,,,,
1165,u,n,k,n,o,w,n
1166,8.5 ,-11.5,,,,,
1167,40 ,-4,,,,,
1168,u,n,k,n,o,w,n
1169,u,n,k,n,o,w,n
1170,51.537422 ,-0.061001,,,,,
1171,-2.91673 ,104.7458,,,,,
1172,u,n,k,n,o,w,n
1173,u,n,k,n,o,w,n
1174,-34.57016 ,-58.450006,,,,,
1175,u,n,k,n,o,w,n
1176,u,n,k,n,o,w,n
1177,u,n,k,n,o,w,n
1178,u,n,k,n,o,w,n
1179,u,n,k,n,o,w,n
1180,u,n,k,n,o,w,n
1181,u,n,k,n,o,w,n
1182,u,n,k,n,o,w,n
1183,u,n,k,n,o,w,n
1184,40.393715 ,-3.676087,,,,,
1185,u,n,k,n,o,w,n
1186,29.88628 ,-95.494941,,,,,
1187,36.718612 ,-4.496911,,,,,
1188,u,n,k,n,o,w,n
1189,u,n,k,n,o,w,n
1190,u,n,k,n,o,w,n
1191,54.155568 ,38.1775,,,,,
1192,14.18455 ,12.003467,,,,,
1193,u,n,k,n,o,w,n
1194,u,n,k,n,o,w,n
1195,44.693007 ,17.983485,,,,,
1196,u,n,k,n,o,w,n
1197,42.167285 ,-8.68226,,,,,
1198,40 ,-4,,,,,
1199,u,n,k,n,o,w,n
1200,42.861517 ,-8.557433,,,,,
1201,42.75508 ,-7.86621,,,,,
1202,u,n,k,n,o,w,n
1203,40 ,-4,,,,,
1204,u,n,k,n,o,w,n
1205,u,n,k,n,o,w,n
1206,u,n,k,n,o,w,n
1207,u,n,k,n,o,w,n
1208,37.448582 ,-122.159292,,,,,
1209,u,n,k,n,o,w,n
1210,43.323658 ,-8.344107,,,,,
1211,50.769652 ,34.328931,,,,,
1212,u,n,k,n,o,w,n
1213,u,n,k,n,o,w,n
1214,-23.504454 ,-46.851127,,,,,
1215,u,n,k,n,o,w,n
1216,u,n,k,n,o,w,n
1217,u,n,k,n,o,w,n
1218,u,n,k,n,o,w,n
1219,-37.7 ,145.18333,,,,,
1220,52.845879 ,8.040395,,,,,
1221,8.5 ,-11.5,,,,,
1222,-38.65333 ,178.00417,,,,,
1223,u,n,k,n,o,w,n
1224,40.393715 ,-3.676087,,,,,
1225,u,n,k,n,o,w,n
1226,29.88628 ,-95.494941,,,,,
1227,36.718612 ,-4.496911,,,,,
1228,u,n,k,n,o,w,n
1229,u,n,k,n,o,w,n
1230,u,n,k,n,o,w,n
1231,54.155568 ,38.1775,,,,,
1232,14.18455 ,12.003467,,,,,
1233,u,n,k,n,o,w,n
1234,u,n,k,n,o,w,n
1235,44.693007 ,17.983485,,,,,
1236,u,n,k,n,o,w,n
1237,42.167285 ,-8.68226,,,,,
1238,40 ,-4,,,,,
1239,u,n,k,n,o,w,n
1240,42.861517 ,-8.557433,,,,,
1241,42.75508 ,-7.86621,,,,,
1242,u,n,k,n,o,w,n
1243,40 ,-4,,,,,
1244,u,n,k,n,o,w,n
1245,u,n,k,n,o,w,n
1246,u,n,k,n,o,w,n
1247,u,n,k,n,o,w,n
1248,37.448582 ,-122.159292,,,,,
1249,u,n,k,n,o,w,n
1250,43.323658 ,-8.344107,,,,,
1251,50.769652 ,34.328931,,,,,
1252,u,n,k,n,o,w,n
1253,u,n,k,n,o,w,n
1254,-23.504454 ,-46.851127,,,,,
1255,u,n,k,n,o,w,n
1256,u,n,k,n,o,w,n
1257,u,n,k,n,o,w,n
1258,u,n,k,n,o,w,n
1259,-37.7 ,145.18333,,,,,
1260,52.845879 ,8.040395,,,,,
1261,8.5 ,-11.5,,,,,
1262,-38.65333 ,178.00417,,,,,
1263,u,n,k,n,o,w,n
1264,u,n,k,n,o,w,n
1265,u,n,k,n,o,w,n
1266,41.394306 ,2.152455,,,,,
1267,u,n,k,n,o,w,n
1268,45.154542 ,-64.398833,,,,,
1269,22 ,-102.5,,,,,
1270,u,n,k,n,o,w,n
1271,u,n,k,n,o,w,n
1272,48.09918 ,-0.79292,,,,,
1273,u,n,k,n,o,w,n
1274,59.2823 ,10.33004,,,,,
1275,39.64472 ,-94.73996,,,,,
1276,u,n,k,n,o,w,n
1277,43.262211 ,-2.929884,,,,,
1278,38.010685 ,-3.369595,,,,,
1279,32.382808 ,-98.979716,,,,,
1280,41.94514 ,25.07868,,,,,
1281,51.453635 ,7.009404,,,,,
1282,32.60997 ,-110.765184,,,,,
1283,45.5867 ,5.16286,,,,,
1284,51.494938 ,7.283914,,,,,
1285,50.943134 ,13.622803,,,,,
1286,-26.828806 ,-65.208318,,,,,
1287,12.890333 ,80.227979,,,,,
1288,33.750038 ,-117.870493,,,,,
1289,39.983052 ,-0.038647,,,,,
1290,12.994539 ,77.708413,,,,,
1291,u,n,k,n,o,w,n
1292,u,n,k,n,o,w,n
1293,46.729274 ,8.209899,,,,,
1294,u,n,k,n,o,w,n
1295,48.762973 ,2.309279,,,,,
1296,45.532798 ,-122.903233,,,,,
1297,52.507568 ,13.391332,,,,,
1298,12.832143 ,80.223782,,,,,
1299,12.9734 ,77.617014,,,,,
1300,u,n,k,n,o,w,n
1301,55.749285 ,37.534031,,,,,
1302,37.782498 ,-122.391551,,,,,
1303,48.775682 ,11.452402,,,,,
1304,45.339841 ,-75.910723,,,,,
1305,45.344021 ,-75.919586,,,,,
1306,38.46806 ,106.27306,,,,,
1307,14.553266 ,121.025769,,,,,
1308,39.7511 ,-104.994634,,,,,
1309,-34.544027 ,-58.47231,,,,,
1310,29.961078 ,-81.340501,,,,,
1311,u,n,k,n,o,w,n
1312,u,n,k,n,o,w,n
1313,37.367721 ,-121.918154,,,,,
1314,45.525395 ,-122.685778,,,,,
1315,30.04479 ,-98.039313,,,,,
1316,53.380861 ,-2.222512,,,,,
1317,45.279722 ,-95.689865,,,,,
1318,43.645812 ,7.120973,,,,,
1319,52.22663 ,21.044896,,,,,
1320,52.498252 ,-2.002874,,,,,
1321,44.280484 ,-69.914615,,,,,
1322,45.324756 ,-75.835663,,,,,
1323,47.135482 ,7.236732,,,,,
1324,u,n,k,n,o,w,n
1325,30.652175 ,-97.813532,,,,,
1326,42.300014 ,-71.350891,,,,,
1327,38.904135 ,-77.031033,,,,,
1328,15.760691 ,43.686232,,,,,
1329,47.852823 ,1.911113,,,,,
1330,37.385504 ,-121.972405,,,,,
1331,42.105852 ,-87.872413,,,,,
1332,48.036445 ,15.196504,,,,,
1333,-0.183979 ,-78.480385,,,,,
1334,40.393715 ,-3.676087,,,,,
1335,40.416024 ,-3.696213,,,,,
1336,40.454179 ,-3.700284,,,,,
1337,u,n,k,n,o,w,n
1338,u,n,k,n,o,w,n
1339,29.88628 ,-95.494941,,,,,
1340,40.440438 ,-3.787186,,,,,
1341,40 ,-4,,,,,
1342,36.718612 ,-4.496911,,,,,
1343,u,n,k,n,o,w,n
1344,u,n,k,n,o,w,n
1345,-23.52114 ,-46.645923,,,,,
1346,u,n,k,n,o,w,n
1347,u,n,k,n,o,w,n
1348,u,n,k,n,o,w,n
1349,u,n,k,n,o,w,n
1350,u,n,k,n,o,w,n
1351,u,n,k,n,o,w,n
1352,37.540601 ,-5.079589,,,,,
1353,47.504008 ,1.334011,,,,,
1354,12.4989 ,124.6377,,,,,
1355,u,n,k,n,o,w,n
1356,u,n,k,n,o,w,n
1357,u,n,k,n,o,w,n
1358,u,n,k,n,o,w,n
1359,u,n,k,n,o,w,n
1360,u,n,k,n,o,w,n
1361,54.155568 ,38.1775,,,,,
1362,u,n,k,n,o,w,n
1363,u,n,k,n,o,w,n
1364,28.147969 ,-15.428618,,,,,
1365,u,n,k,n,o,w,n
1366,u,n,k,n,o,w,n
1367,40.42526 ,-3.69063,,,,,
1368,40.531662 ,-3.637569,,,,,
1369,u,n,k,n,o,w,n
1370,38.09032 ,-92.29267,,,,,
1371,14.18455 ,12.003467,,,,,
1372,u,n,k,n,o,w,n
1373,41.311421 ,19.446037,,,,,
1374,17.403045 ,102.8047,,,,,
1375,u,n,k,n,o,w,n
1376,43.451896 ,-3.871985,,,,,
1377,u,n,k,n,o,w,n
1378,18.833333 ,-98,,,,,
1379,u,n,k,n,o,w,n
1380,u,n,k,n,o,w,n
1381,u,n,k,n,o,w,n
1382,38.09032 ,-92.29267,,,,,
1383,40.445524 ,-3.656695,,,,,
1384,-22.984492 ,-43.223569,,,,,
1385,u,n,k,n,o,w,n
1386,u,n,k,n,o,w,n
1387,u,n,k,n,o,w,n
1388,41.394306 ,2.152455,,,,,
1389,41.611129 ,0.6272,,,,,
1390,u,n,k,n,o,w,n
1391,43.204083 ,5.493238,,,,,
1392,39.76 ,-98.5,,,,,
1393,u,n,k,n,o,w,n
1394,u,n,k,n,o,w,n
1395,u,n,k,n,o,w,n
1396,u,n,k,n,o,w,n
1397,-13.716985 ,-76.205805,,,,,
1398,26.407384 ,93.25513,,,,,
1399,u,n,k,n,o,w,n
1400,u,n,k,n,o,w,n
1401,u,n,k,n,o,w,n
1402,42.243187 ,-122.779487,,,,,
1403,u,n,k,n,o,w,n
1404,u,n,k,n,o,w,n
1405,u,n,k,n,o,w,n
1406,u,n,k,n,o,w,n
1407,45.154542 ,-64.398833,,,,,
1408,-34.515653 ,-58.474343,,,,,
1409,8.983546 ,-79.521783,,,,,
1410,43.350186 ,-4.052434,,,,,
1411,u,n,k,n,o,w,n
1412,u,n,k,n,o,w,n
1413,u,n,k,n,o,w,n
1414,u,n,k,n,o,w,n
1415,51.450806 ,-1.047016,,,,,
1416,u,n,k,n,o,w,n
1417,42.83333 ,12.83333,,,,,
1418,u,n,k,n,o,w,n
1419,40.504968 ,-3.656605,,,,,
1420,43.36662 ,-5.86112,,,,,
1421,u,n,k,n,o,w,n
1422,40 ,-4,,,,,
1423,u,n,k,n,o,w,n
1424,u,n,k,n,o,w,n
1425,u,n,k,n,o,w,n
1426,u,n,k,n,o,w,n
1427,u,n,k,n,o,w,n
1428,u,n,k,n,o,w,n
1429,39.91678 ,-75.38769,,,,,
1430,30.891251 ,77.779856,,,,,
1431,54.115002 ,19.399115,,,,,
1432,36.266557 ,6.488863,,,,,
1433,28.486359 ,-16.317929,,,,,
1434,u,n,k,n,o,w,n
1435,u,n,k,n,o,w,n
1436,u,n,k,n,o,w,n
1437,46.180813 ,6.703048,,,,,
1438,41.648971 ,-4.713868,,,,,
1439,40.483359 ,-3.667923,,,,,
1440,18.500722 ,-69.953459,,,,,
1441,u,n,k,n,o,w,n
1442,39.979214 ,-0.046983,,,,,
1443,40.553406 ,-3.615608,,,,,
1444,u,n,k,n,o,w,n
1445,8.5 ,-11.5,,,,,
1446,25.663843 ,-100.219695,,,,,
1447,u,n,k,n,o,w,n
1448,u,n,k,n,o,w,n
1449,u,n,k,n,o,w,n
1450,u,n,k,n,o,w,n
1451,59.927468 ,40.396485,,,,,
1452,u,n,k,n,o,w,n
1453,u,n,k,n,o,w,n
1454,u,n,k,n,o,w,n
1455,-12.162391 ,-76.997239,,,,,
1456,u,n,k,n,o,w,n
1457,40.927641 ,-8.572243,,,,,
1458,u,n,k,n,o,w,n
1459,40 ,-4,,,,,
1460,u,n,k,n,o,w,n
1461,40 ,-4,,,,,
1462,u,n,k,n,o,w,n
1463,51.24974 ,-124.16972,,,,,
1464,u,n,k,n,o,w,n
1465,u,n,k,n,o,w,n
1466,u,n,k,n,o,w,n
1467,u,n,k,n,o,w,n
1468,u,n,k,n,o,w,n
1469,u,n,k,n,o,w,n
1470,-15.244396 ,-40.24283,,,,,
1471,u,n,k,n,o,w,n
1472,u,n,k,n,o,w,n
1473,40 ,-4,,,,,
1474,53.13504 ,18.027379,,,,,
1475,u,n,k,n,o,w,n
1476,u,n,k,n,o,w,n
1477,u,n,k,n,o,w,n
1478,u,n,k,n,o,w,n
1479,u,n,k,n,o,w,n
1480,34.51147 ,-110.079608,,,,,
1481,48.181161 ,11.585906,,,,,
1482,u,n,k,n,o,w,n
1483,45.786731 ,4.813551,,,,,
1484,40 ,-4,,,,,
1485,u,n,k,n,o,w,n
1486,42.83333 ,12.83333,,,,,
1487,u,n,k,n,o,w,n
1488,u,n,k,n,o,w,n
1489,u,n,k,n,o,w,n
1490,50.845859 ,4.435921,,,,,
1491,22 ,-102.5,,,,,
1492,u,n,k,n,o,w,n
1493,5.26176 ,-0.75897,,,,,
1494,50.135928 ,8.569683,,,,,
1495,u,n,k,n,o,w,n
1496,46.768653 ,17.655604,,,,,
1497,24.433143 ,90.496538,,,,,
1498,43.045331 ,-9.246803,,,,,
1499,u,n,k,n,o,w,n
1500,52.509626 ,13.40709,,,,,
1501,u,n,k,n,o,w,n
1502,51.478049 ,-0.607207,,,,,
1503,31.459763 ,74.2486,,,,,
1504,u,n,k,n,o,w,n
1505,52.505135 ,13.461874,,,,,
1506,u,n,k,n,o,w,n
1507,48.14786 ,11.578642,,,,,
1508,u,n,k,n,o,w,n
1509,u,n,k,n,o,w,n
1510,u,n,k,n,o,w,n
1511,44.396444 ,-71.4396,,,,,
1512,u,n,k,n,o,w,n
1513,48.269423 ,16.410517,,,,,
1514,u,n,k,n,o,w,n
1515,37.448582 ,-122.159292,,,,,
1516,37.553495 ,-122.306616,,,,,
1517,u,n,k,n,o,w,n
1518,u,n,k,n,o,w,n
1519,u,n,k,n,o,w,n
1520,12.848311 ,79.705073,,,,,
1521,32.906443 ,-117.186099,,,,,
1522,60.16731 ,24.941812,,,,,
1523,u,n,k,n,o,w,n
1524,39.4803 ,-97.64928,,,,,
1525,43.352308 ,-8.423072,,,,,
1526,40 ,-4,,,,,
1527,-41.239096 ,174.926308,,,,,
1528,u,n,k,n,o,w,n
1529,u,n,k,n,o,w,n
1530,-35.322407 ,149.164749,,,,,
1531,31.205963 ,16.583621,,,,,
1532,40 ,-4,,,,,
1533,u,n,k,n,o,w,n
1534,41.17395 ,-7.052616,,,,,
1535,u,n,k,n,o,w,n
1536,38.46806 ,106.27306,,,,,
1537,50.881401 ,4.28982,,,,,
1538,43.572319 ,3.941318,,,,,
1539,u,n,k,n,o,w,n
1540,53.09043 ,8.774734,,,,,
1541,u,n,k,n,o,w,n
1542,48.519302 ,7.741164,,,,,
1543,u,n,k,n,o,w,n
1544,31.12129 ,-90.078142,,,,,
1545,42.063809 ,-88.145717,,,,,
1546,-36.829731 ,174.797538,,,,,
1547,-20.463137 ,-41.414873,,,,,
1548,u,n,k,n,o,w,n
1549,u,n,k,n,o,w,n
1550,u,n,k,n,o,w,n
1551,33.925526 ,-84.481635,,,,,
1552,u,n,k,n,o,w,n
1553,49.273889 ,-0.878056,,,,,
1554,40 ,-4,,,,,
1555,38.46806 ,106.27306,,,,,
1556,9.427095 ,49.002487,,,,,
1557,u,n,k,n,o,w,n
1558,u,n,k,n,o,w,n
1559,u,n,k,n,o,w,n
1560,54.21247 ,-5.889132,,,,,
1561,47.308613 ,9.62993,,,,,
1562,u,n,k,n,o,w,n
1563,u,n,k,n,o,w,n
1564,u,n,k,n,o,w,n
1565,53.375076 ,-2.187251,,,,,
1566,u,n,k,n,o,w,n
1567,u,n,k,n,o,w,n
1568,38.09032 ,-92.29267,,,,,
1569,u,n,k,n,o,w,n
1570,u,n,k,n,o,w,n
1571,u,n,k,n,o,w,n
1572,50.876805 ,4.497067,,,,,
1573,u,n,k,n,o,w,n
1574,u,n,k,n,o,w,n
1575,u,n,k,n,o,w,n
1576,48.162427 ,11.564124,,,,,
1577,29.553449 ,34.953718,,,,,
1578,50.04606 ,1.42079,,,,,
1579,40 ,-4,,,,,
1580,37.868645 ,-122.302421,,,,,
1581,25.54389 ,-103.41898,,,,,
1582,50.854279 ,4.418379,,,,,
1583,u,n,k,n,o,w,n
1584,49.821724 ,5.855142,,,,,
1585,u,n,k,n,o,w,n
1586,u,n,k,n,o,w,n
1587,u,n,k,n,o,w,n
1588,u,n,k,n,o,w,n
1589,u,n,k,n,o,w,n
1590,45.78374 ,11.87404,,,,,
1591,u,n,k,n,o,w,n
1592,u,n,k,n,o,w,n
1593,48.16667 ,15.08333,,,,,
1594,48.840092 ,2.237571,,,,,
1595,59.900838 ,30.396428,,,,,
1596,48.218463 ,16.405177,,,,,
1597,38.46806 ,106.27306,,,,,
1598,u,n,k,n,o,w,n
1599,u,n,k,n,o,w,n
1600,u,n,k,n,o,w,n
1601,38.471754 ,-28.364256,,,,,
1602,u,n,k,n,o,w,n
1603,48.849147 ,2.352669,,,,,
1604,u,n,k,n,o,w,n
1605,55.611437 ,37.605819,,,,,
1606,u,n,k,n,o,w,n
1607,u,n,k,n,o,w,n
1608,u,n,k,n,o,w,n
1609,u,n,k,n,o,w,n
1610,u,n,k,n,o,w,n
1611,41.006076 ,-73.906027,,,,,
1612,3.909429 ,11.526882,,,,,
1613,u,n,k,n,o,w,n
1614,50.857585 ,5.809624,,,,,
1615,u,n,k,n,o,w,n
1616,u,n,k,n,o,w,n
1617,52.344268 ,4.830156,,,,,
1618,46.946512 ,7.434997,,,,,
1619,u,n,k,n,o,w,n
1620,u,n,k,n,o,w,n
1621,u,n,k,n,o,w,n
1622,8.5 ,-11.5,,,,,
1623,u,n,k,n,o,w,n
1624,60.163885 ,24.935282,,,,,
1625,u,n,k,n,o,w,n
1626,45.415693 ,10.98522,,,,,
1627,u,n,k,n,o,w,n
1628,-34.849563 ,138.581995,,,,,
1629,u,n,k,n,o,w,n
1630,u,n,k,n,o,w,n
1631,u,n,k,n,o,w,n
1632,50.769652 ,34.328931,,,,,
1633,u,n,k,n,o,w,n
1634,u,n,k,n,o,w,n
1635,u,n,k,n,o,w,n
1636,u,n,k,n,o,w,n
1637,u,n,k,n,o,w,n
1638,u,n,k,n,o,w,n
1639,u,n,k,n,o,w,n
1640,10.677156 ,-61.522084,,,,,
1641,43.570125 ,17.874871,,,,,
1642,u,n,k,n,o,w,n
1643,37.441952 ,-122.161152,,,,,
1644,u,n,k,n,o,w,n
1645,u,n,k,n,o,w,n
1646,36.223189 ,43.992625,,,,,
1647,39.91678 ,-75.38769,,,,,
1648,53.566578 ,9.965491,,,,,
1649,40.30293 ,-111.663554,,,,,
1650,52.376507 ,4.905957,,,,,
1651,49.453758 ,8.517316,,,,,
1652,-7.437889 ,-70.028143,,,,,
1653,40 ,-4,,,,,
1654,48.88897 ,2.313819,,,,,
1655,35.662333 ,139.87401,,,,,
1656,u,n,k,n,o,w,n
1657,51.961436 ,8.208913,,,,,
1658,u,n,k,n,o,w,n
1659,40.172868 ,-76.310837,,,,,
1660,u,n,k,n,o,w,n
1661,49.170979 ,-66.334046,,,,,
1662,8.5 ,-11.5,,,,,
1663,u,n,k,n,o,w,n
1664,u,n,k,n,o,w,n
1665,49.693844 ,6.330878,,,,,
1666,52.529601 ,-1.780968,,,,,
1667,u,n,k,n,o,w,n
1668,9.598 ,138.1665,,,,,
1669,u,n,k,n,o,w,n
1670,55.769161 ,37.574857,,,,,
1671,u,n,k,n,o,w,n
1672,37.534811 ,126.998883,,,,,
1673,46.529949 ,6.600484,,,,,
1674,u,n,k,n,o,w,n
1675,-8.89999 ,124.99999,,,,,
1676,u,n,k,n,o,w,n
1677,60.440771 ,22.244519,,,,,
1678,43.43742 ,-79.712514,,,,,
1679,45.975839 ,2.250052,,,,,
1680,u,n,k,n,o,w,n
1681,u,n,k,n,o,w,n
1682,-26.891587 ,-49.085871,,,,,
1683,u,n,k,n,o,w,n
1684,u,n,k,n,o,w,n
1685,48.110578 ,11.450668,,,,,
1686,10.343655 ,-67.035133,,,,,
1687,u,n,k,n,o,w,n
1688,u,n,k,n,o,w,n
1689,24.929364 ,67.097507,,,,,
1690,u,n,k,n,o,w,n
1691,38.46806 ,106.27306,,,,,
1692,24.34453 ,124.18698,,,,,
1693,47.451068 ,8.565125,,,,,
1694,u,n,k,n,o,w,n
1695,u,n,k,n,o,w,n
1696,48.087942 ,14.050627,,,,,
1697,u,n,k,n,o,w,n
1698,u,n,k,n,o,w,n
1699,u,n,k,n,o,w,n
1700,u,n,k,n,o,w,n
1701,60.260807 ,24.853574,,,,,
1702,u,n,k,n,o,w,n
1703,u,n,k,n,o,w,n
1704,u,n,k,n,o,w,n
1705,48.841951 ,2.384812,,,,,
1706,34.94957 ,-81.93205,,,,,
1707,u,n,k,n,o,w,n
1708,u,n,k,n,o,w,n
1709,28.395889 ,77.032381,,,,,
1710,51.2274 ,4.401823,,,,,
1711,u,n,k,n,o,w,n
1712,-34.623945 ,-58.427,,,,,
1713,39.904507 ,-86.029326,,,,,
1714,33.094636 ,44.522927,,,,,
1715,55.857808 ,48.819654,,,,,
1716,40.116466 ,-75.343233,,,,,
1717,u,n,k,n,o,w,n
1718,-30.022338 ,22.362134,,,,,
1719,u,n,k,n,o,w,n
1720,48.877368 ,2.330422,,,,,
1721,49.200641 ,-124.007214,,,,,
1722,u,n,k,n,o,w,n
1723,u,n,k,n,o,w,n
1724,u,n,k,n,o,w,n
1725,2.79622 ,41.01212,,,,,
1726,48.829077 ,2.237703,,,,,
1727,u,n,k,n,o,w,n
1728,-37.7 ,145.18333,,,,,
1729,u,n,k,n,o,w,n
1730,u,n,k,n,o,w,n
1731,u,n,k,n,o,w,n
1732,25 ,45,,,,,
1733,-34.103417 ,139.891156,,,,,
1734,u,n,k,n,o,w,n
1735,51.343116 ,70.667541,,,,,
1736,u,n,k,n,o,w,n
1737,u,n,k,n,o,w,n
1738,u,n,k,n,o,w,n
1739,43.200247 ,-2.990351,,,,,
1740,u,n,k,n,o,w,n
1741,u,n,k,n,o,w,n
1742,-27.522166 ,-48.515293,,,,,
1743,30.209457 ,-95.75081,,,,,
1744,u,n,k,n,o,w,n
1745,u,n,k,n,o,w,n
1746,40.62976 ,-91.31515,,,,,
1747,48.367109 ,10.868422,,,,,
1748,42.712823 ,-73.664058,,,,,
1749,u,n,k,n,o,w,n
1750,u,n,k,n,o,w,n
1751,u,n,k,n,o,w,n
1752,u,n,k,n,o,w,n
1753,24.779856 ,120.996139,,,,,
1754,u,n,k,n,o,w,n
1755,u,n,k,n,o,w,n
1756,48.841691 ,2.242722,,,,,
1757,55.01774 ,8.435997,,,,,
1758,48.898193 ,2.291871,,,,,
1759,u,n,k,n,o,w,n
1760,47.796439 ,9.624863,,,,,
1761,u,n,k,n,o,w,n
1762,52.079298 ,4.354722,,,,,
1763,u,n,k,n,o,w,n
1764,0.295234 ,32.537558,,,,,
1765,u,n,k,n,o,w,n
1766,u,n,k,n,o,w,n
1767,u,n,k,n,o,w,n
1768,48.890614 ,2.255987,,,,,
1769,u,n,k,n,o,w,n
1770,47.78367 ,-1.44763,,,,,
1771,u,n,k,n,o,w,n
1772,60.165103 ,24.93999,,,,,
1773,u,n,k,n,o,w,n
1774,u,n,k,n,o,w,n
1775,50.933159 ,12.477682,,,,,
1776,47.23333 ,22.65,,,,,
1777,u,n,k,n,o,w,n
1778,48.374404 ,10.932554,,,,,
1779,u,n,k,n,o,w,n
1780,u,n,k,n,o,w,n
1781,38.865328 ,-90.510674,,,,,
1782,u,n,k,n,o,w,n
1783,38.46806 ,106.27306,,,,,
1784,u,n,k,n,o,w,n
1785,u,n,k,n,o,w,n
1786,40 ,-4,,,,,
1787,36.704301 ,-80.574791,,,,,
1788,51.049392 ,13.7217,,,,,
1789,38.46806 ,106.27306,,,,,
1790,48.067753 ,11.547123,,,,,
1791,u,n,k,n,o,w,n
1792,u,n,k,n,o,w,n
1793,50.943386 ,6.944463,,,,,
1794,u,n,k,n,o,w,n
1795,u,n,k,n,o,w,n
1796,u,n,k,n,o,w,n
1797,22 ,-102.5,,,,,
1798,u,n,k,n,o,w,n
1799,u,n,k,n,o,w,n
1800,u,n,k,n,o,w,n
1801,u,n,k,n,o,w,n
1802,50.859841 ,11.902161,,,,,
1803,u,n,k,n,o,w,n
1804,u,n,k,n,o,w,n
1805,38.407383 ,42.016571,,,,,
1806,u,n,k,n,o,w,n
1807,u,n,k,n,o,w,n
1808,u,n,k,n,o,w,n
1809,22 ,-102.5,,,,,
1810,39.6945 ,-8.13057,,,,,
1811,u,n,k,n,o,w,n
1812,37.09784 ,41.4322,,,,,
1813,53.03771 ,-1.202889,,,,,
1814,u,n,k,n,o,w,n
1815,48.916236 ,2.220048,,,,,
1816,u,n,k,n,o,w,n
1817,22 ,-102.5,,,,,
1818,u,n,k,n,o,w,n
1819,40 ,-4,,,,,
1820,u,n,k,n,o,w,n
1821,u,n,k,n,o,w,n
1822,u,n,k,n,o,w,n
1823,u,n,k,n,o,w,n
1824,52.845879 ,8.040395,,,,,
1825,u,n,k,n,o,w,n
1826,u,n,k,n,o,w,n
1827,-33.327956 ,115.659582,,,,,
1828,44.707992 ,9.057405,,,,,
1829,u,n,k,n,o,w,n
1830,40 ,-4,,,,,
1831,u,n,k,n,o,w,n
1832,43.621689 ,3.821468,,,,,
1833,43.295644 ,-1.980001,,,,,
1834,u,n,k,n,o,w,n
1835,u,n,k,n,o,w,n
1836,u,n,k,n,o,w,n
1837,51.00755 ,5.58453,,,,,
1838,-24.594722 ,30.763056,,,,,
1839,43.440313 ,-3.858357,,,,,
1840,52.079298 ,4.354722,,,,,
1841,45.17805 ,5.86432,,,,,
1842,u,n,k,n,o,w,n
1843,46.524702 ,3.577992,,,,,
1844,u,n,k,n,o,w,n
1845,u,n,k,n,o,w,n
1846,42.83333 ,12.83333,,,,,
1847,u,n,k,n,o,w,n
1848,u,n,k,n,o,w,n
1849,u,n,k,n,o,w,n
1850,55.835634 ,37.954136,,,,,
1851,u,n,k,n,o,w,n
1852,-10.5 ,105.66667,,,,,
1853,47.711794 ,6.946325,,,,,
1854,u,n,k,n,o,w,n
1855,36.168268 ,-86.779651,,,,,
1856,u,n,k,n,o,w,n
1857,25.133032 ,121.73923,,,,,
1858,u,n,k,n,o,w,n
1859,u,n,k,n,o,w,n
1860,u,n,k,n,o,w,n
1861,u,n,k,n,o,w,n
1862,u,n,k,n,o,w,n
1863,25.029422 ,-77.361956,,,,,
1864,u,n,k,n,o,w,n
1865,u,n,k,n,o,w,n
1866,u,n,k,n,o,w,n
1867,38.09032 ,-92.29267,,,,,
1868,u,n,k,n,o,w,n
1869,48.389908 ,10.887757,,,,,
1870,u,n,k,n,o,w,n
1871,u,n,k,n,o,w,n
1872,-38.65333 ,178.00417,,,,,
1873,39.91678 ,-75.38769,,,,,
1874,45.78374 ,11.87404,,,,,
1875,u,n,k,n,o,w,n
1876,0.106047 ,-67.440731,,,,,
1877,u,n,k,n,o,w,n
1878,u,n,k,n,o,w,n
1879,u,n,k,n,o,w,n
1880,u,n,k,n,o,w,n
1881,u,n,k,n,o,w,n
1882,u,n,k,n,o,w,n
1883,u,n,k,n,o,w,n
1884,u,n,k,n,o,w,n
1885,43.292373 ,-72.471077,,,,,
1886,u,n,k,n,o,w,n
1887,u,n,k,n,o,w,n
1888,u,n,k,n,o,w,n
1889,-37.7 ,145.18333,,,,,
1890,u,n,k,n,o,w,n
1891,25.029422 ,-77.361956,,,,,
1892,u,n,k,n,o,w,n
1893,52.479242 ,13.499737,,,,,
1894,40.116466 ,-75.343233,,,,,
1895,u,n,k,n,o,w,n
1896,u,n,k,n,o,w,n
1897,u,n,k,n,o,w,n
1898,u,n,k,n,o,w,n
1899,49.000224 ,8.424453,,,,,
1900,39.85068 ,-104.915317,,,,,
1901,u,n,k,n,o,w,n
1902,u,n,k,n,o,w,n
1903,u,n,k,n,o,w,n
1904,37.942583 ,23.645261,,,,,
1905,u,n,k,n,o,w,n
1906,u,n,k,n,o,w,n
1907,31.789619 ,-106.509553,,,,,
1908,40.376136 ,-3.641152,,,,,
1909,40 ,-4,,,,,
1910,u,n,k,n,o,w,n
1911,u,n,k,n,o,w,n
1912,46.560981 ,-1.399686,,,,,
1913,u,n,k,n,o,w,n
1914,u,n,k,n,o,w,n
1915,u,n,k,n,o,w,n
1916,40.614225 ,128.688596,,,,,
1917,u,n,k,n,o,w,n
1918,u,n,k,n,o,w,n
1919,u,n,k,n,o,w,n
1920,52.528308 ,13.315868,,,,,
1921,25.029422 ,-77.361956,,,,,
1922,8.5 ,-11.5,,,,,
1923,46 ,2,,,,,
1924,u,n,k,n,o,w,n
1925,u,n,k,n,o,w,n
1926,u,n,k,n,o,w,n
1927,u,n,k,n,o,w,n
1928,10.017998 ,-84.214526,,,,,
1929,u,n,k,n,o,w,n
1930,u,n,k,n,o,w,n
1931,u,n,k,n,o,w,n
1932,u,n,k,n,o,w,n
1933,u,n,k,n,o,w,n
1934,u,n,k,n,o,w,n
1935,-6.1351 ,106.843131,,,,,
1936,-17.508347 ,-149.772325,,,,,
1937,u,n,k,n,o,w,n
1938,38.46806 ,106.27306,,,,,
1939,u,n,k,n,o,w,n
1940,37.959557 ,23.735454,,,,,
1941,u,n,k,n,o,w,n
1942,u,n,k,n,o,w,n
1943,u,n,k,n,o,w,n
1944,u,n,k,n,o,w,n
1945,14.718301 ,-17.27781,,,,,
1946,u,n,k,n,o,w,n
1947,-34.515653 ,-58.474343,,,,,
1948,u,n,k,n,o,w,n
1949,u,n,k,n,o,w,n
1950,8.919734 ,-79.593947,,,,,
1951,45.16667 ,15.5,,,,,
1952,u,n,k,n,o,w,n
1953,u,n,k,n,o,w,n
1954,u,n,k,n,o,w,n
1955,8.5 ,-11.5,,,,,
1956,25.029422 ,-77.361956,,,,,
1957,37.540601 ,-5.079589,,,,,
1958,u,n,k,n,o,w,n
1959,u,n,k,n,o,w,n
1960,u,n,k,n,o,w,n
1961,51.068049 ,13.779595,,,,,
1962,u,n,k,n,o,w,n
1963,47.23333 ,22.65,,,,,
1964,u,n,k,n,o,w,n
1965,8.5 ,-11.5,,,,,
1966,41.695095 ,2.509612,,,,,
1967,25 ,45,,,,,
1968,u,n,k,n,o,w,n
1969,u,n,k,n,o,w,n
1970,48.09918 ,-0.79292,,,,,
1971,43.262211 ,-2.929884,,,,,
1972,29.961078 ,-81.340501,,,,,
1973,u,n,k,n,o,w,n
1974,29.88628 ,-95.494941,,,,,
1975,36.718612 ,-4.496911,,,,,
1976,u,n,k,n,o,w,n
1977,u,n,k,n,o,w,n
1978,u,n,k,n,o,w,n
1979,u,n,k,n,o,w,n
1980,12.4989 ,124.6377,,,,,
1981,54.155568 ,38.1775,,,,,
1982,u,n,k,n,o,w,n
1983,u,n,k,n,o,w,n
1984,51.279175 ,7.271162,,,,,
1985,u,n,k,n,o,w,n
1986,43.292254 ,-1.985634,,,,,
1987,u,n,k,n,o,w,n
1988,42.83333 ,12.83333,,,,,
1989,40 ,-4,,,,,
1990,u,n,k,n,o,w,n
1991,40.483359 ,-3.667923,,,,,
1992,39.78373 ,-100.445882,,,,,
1993,u,n,k,n,o,w,n
1994,u,n,k,n,o,w,n
1995,u,n,k,n,o,w,n
1996,u,n,k,n,o,w,n
1997,u,n,k,n,o,w,n
1998,u,n,k,n,o,w,n
1999,u,n,k,n,o,w,n
2000,49.799402 ,19.055565,,,,,
2001,47.345427 ,0.725971,,,,,
2002,u,n,k,n,o,w,n
2003,u,n,k,n,o,w,n
2004,51.068049 ,13.779595,,,,,
2005,u,n,k,n,o,w,n
2006,u,n,k,n,o,w,n
2007,45.286253 ,-73.265613,,,,,
2008,u,n,k,n,o,w,n
2009,42.850252 ,-2.686108,,,,,
2010,48.110578 ,11.450668,,,,,
2011,u,n,k,n,o,w,n
2012,-23.58715 ,-46.760297,,,,,
2013,40.62976 ,-91.31515,,,,,
2014,u,n,k,n,o,w,n
2015,47.23333 ,22.65,,,,,
2016,u,n,k,n,o,w,n
2017,32.701327 ,-109.892107,,,,,
2018,u,n,k,n,o,w,n
2019,u,n,k,n,o,w,n
2020,44.878856 ,17.304013,,,,,
2021,43.295644 ,-1.980001,,,,,
2022,43.440313 ,-3.858357,,,,,
2023,u,n,k,n,o,w,n
2024,u,n,k,n,o,w,n
2025,u,n,k,n,o,w,n
2026,u,n,k,n,o,w,n
2027,u,n,k,n,o,w,n
2028,u,n,k,n,o,w,n
2029,u,n,k,n,o,w,n
2030,41.5 ,75,,,,,
2031,8.5 ,-11.5,,,,,
2032,u,n,k,n,o,w,n
2033,u,n,k,n,o,w,n
2034,29.961078 ,-81.340501,,,,,
2035,40.393715 ,-3.676087,,,,,
2036,u,n,k,n,o,w,n
2037,36.718612 ,-4.496911,,,,,
2038,u,n,k,n,o,w,n
2039,u,n,k,n,o,w,n
2040,u,n,k,n,o,w,n
2041,37.540601 ,-5.079589,,,,,
2042,12.4989 ,124.6377,,,,,
2043,u,n,k,n,o,w,n
2044,u,n,k,n,o,w,n
2045,u,n,k,n,o,w,n
2046,u,n,k,n,o,w,n
2047,14.718301 ,-17.27781,,,,,
2048,u,n,k,n,o,w,n
2049,43.204083 ,5.493238,,,,,
2050,u,n,k,n,o,w,n
2051,u,n,k,n,o,w,n
2052,u,n,k,n,o,w,n
2053,40.504968 ,-3.656605,,,,,
2054,40 ,-4,,,,,
2055,u,n,k,n,o,w,n
2056,28.486359 ,-16.317929,,,,,
2057,u,n,k,n,o,w,n
2058,56.332119 ,28.896963,,,,,
2059,25.045119 ,121.57907,,,,,
2060,-34.588279 ,-58.435927,,,,,
2061,-37.7 ,145.18333,,,,,
2062,20.646389 ,-103.413621,,,,,
2063,u,n,k,n,o,w,n
2064,43.597919 ,1.395703,,,,,
2065,u,n,k,n,o,w,n
2066,40 ,-4,,,,,
2067,-22.434409 ,-44.346792,,,,,
2068,48.091193 ,11.646332,,,,,
2069,25.54389 ,-103.41898,,,,,
2070,51.068049 ,13.779595,,,,,
2071,45.16667 ,15.5,,,,,
2072,u,n,k,n,o,w,n
2073,u,n,k,n,o,w,n
2074,u,n,k,n,o,w,n
2075,46.946512 ,7.434997,,,,,
2076,48.307714 ,-121.625498,,,,,
2077,u,n,k,n,o,w,n
2078,48.110578 ,11.450668,,,,,
2079,u,n,k,n,o,w,n
2080,39.515187 ,-0.447579,,,,,
2081,48.829077 ,2.237703,,,,,
2082,u,n,k,n,o,w,n
2083,50.985836 ,-0.273958,,,,,
2084,40.62976 ,-91.31515,,,,,
2085,u,n,k,n,o,w,n
2086,-1.407638 ,5.625103,,,,,
2087,38.46806 ,106.27306,,,,,
2088,u,n,k,n,o,w,n
2089,u,n,k,n,o,w,n
2090,51.021146 ,-3.064519,,,,,
2091,41.386559 ,2.172194,,,,,
2092,53.843201 ,10.661281,,,,,
2093,50.459621 ,3.929831,,,,,
2094,u,n,k,n,o,w,n
2095,u,n,k,n,o,w,n
2096,u,n,k,n,o,w,n
2097,u,n,k,n,o,w,n
2098,29.563537 ,-98.316014,,,,,
2099,45.52395 ,-122.682675,,,,,
2100,u,n,k,n,o,w,n
2101,u,n,k,n,o,w,n
2102,22.97104 ,-98.95242,,,,,
2103,u,n,k,n,o,w,n
2104,-31.534737 ,-68.533931,,,,,
2105,u,n,k,n,o,w,n
2106,22 ,-102.5,,,,,
2107,47.711794 ,6.946325,,,,,
2108,u,n,k,n,o,w,n
2109,39.9781 ,-85.08802,,,,,
2110,u,n,k,n,o,w,n
2111,u,n,k,n,o,w,n
2112,u,n,k,n,o,w,n
2113,u,n,k,n,o,w,n
2114,39.91678 ,-75.38769,,,,,
2115,3.406686 ,11.918485,,,,,
2116,u,n,k,n,o,w,n
2117,u,n,k,n,o,w,n
2118,u,n,k,n,o,w,n
2119,u,n,k,n,o,w,n
2120,u,n,k,n,o,w,n
2121,u,n,k,n,o,w,n
2122,22 ,-102.5,,,,,
2123,u,n,k,n,o,w,n
2124,u,n,k,n,o,w,n
2125,39.64472 ,-94.73996,,,,,
2126,u,n,k,n,o,w,n
2127,u,n,k,n,o,w,n
2128,u,n,k,n,o,w,n
2129,u,n,k,n,o,w,n
2130,u,n,k,n,o,w,n
2131,40.255864 ,-103.622412,,,,,
2132,40.91534 ,-81.10593,,,,,
2133,-15.763386 ,-47.88108,,,,,
2134,u,n,k,n,o,w,n
2135,u,n,k,n,o,w,n
2136,25 ,45,,,,,
2137,u,n,k,n,o,w,n
2138,40 ,-4,,,,,
2139,u,n,k,n,o,w,n
2140,u,n,k,n,o,w,n
2141,-37.7 ,145.18333,,,,,
2142,41.94514 ,25.07868,,,,,
2143,45.5867 ,5.16286,,,,,
2144,u,n,k,n,o,w,n
2145,-26.828806 ,-65.208318,,,,,
2146,u,n,k,n,o,w,n
2147,u,n,k,n,o,w,n
2148,54.326624 ,10.105359,,,,,
2149,18.596157 ,73.687473,,,,,
2150,52.507568 ,13.391332,,,,,
2151,12.832143 ,80.223782,,,,,
2152,u,n,k,n,o,w,n
2153,48.555132 ,12.743875,,,,,
2154,45.339841 ,-75.910723,,,,,
2155,29.961078 ,-81.340501,,,,,
2156,30.04479 ,-98.039313,,,,,
2157,u,n,k,n,o,w,n
2158,52.498252 ,-2.002874,,,,,
2159,38.46806 ,106.27306,,,,,
2160,15.760691 ,43.686232,,,,,
2161,47.852823 ,1.911113,,,,,
2162,43.569326 ,1.38676,,,,,
2163,33.588178 ,-100.217897,,,,,
2164,40.393715 ,-3.676087,,,,,
2165,40.416024 ,-3.696213,,,,,
2166,u,n,k,n,o,w,n
2167,u,n,k,n,o,w,n
2168,29.88628 ,-95.494941,,,,,
2169,40 ,-4,,,,,
2170,36.718612 ,-4.496911,,,,,
2171,u,n,k,n,o,w,n
2172,u,n,k,n,o,w,n
2173,u,n,k,n,o,w,n
2174,u,n,k,n,o,w,n
2175,u,n,k,n,o,w,n
2176,u,n,k,n,o,w,n
2177,41.412355 ,2.197328,,,,,
2178,37.540601 ,-5.079589,,,,,
2179,12.4989 ,124.6377,,,,,
2180,u,n,k,n,o,w,n
2181,u,n,k,n,o,w,n
2182,u,n,k,n,o,w,n
2183,u,n,k,n,o,w,n
2184,u,n,k,n,o,w,n
2185,54.155568 ,38.1775,,,,,
2186,u,n,k,n,o,w,n
2187,41.406739 ,2.132058,,,,,
2188,u,n,k,n,o,w,n
2189,u,n,k,n,o,w,n
2190,33.703837 ,72.978521,,,,,
2191,41.395942 ,2.149939,,,,,
2192,54.247107 ,-3.253915,,,,,
2193,38.09032 ,-92.29267,,,,,
2194,39.78373 ,-100.445882,,,,,
2195,14.18455 ,12.003467,,,,,
2196,41.311421 ,19.446037,,,,,
2197,41.82046 ,1.86768,,,,,
2198,u,n,k,n,o,w,n
2199,43.451896 ,-3.871985,,,,,
2200,u,n,k,n,o,w,n
2201,18.833333 ,-98,,,,,
2202,43.599429 ,-116.21314,,,,,
2203,u,n,k,n,o,w,n
2204,u,n,k,n,o,w,n
2205,u,n,k,n,o,w,n
2206,u,n,k,n,o,w,n
2207,38.09032 ,-92.29267,,,,,
2208,40.445524 ,-3.656695,,,,,
2209,u,n,k,n,o,w,n
2210,41.396587 ,2.15164,,,,,
2211,u,n,k,n,o,w,n
2212,u,n,k,n,o,w,n
2213,u,n,k,n,o,w,n
2214,u,n,k,n,o,w,n
2215,u,n,k,n,o,w,n
2216,41.394306 ,2.152455,,,,,
2217,41.611129 ,0.6272,,,,,
2218,u,n,k,n,o,w,n
2219,u,n,k,n,o,w,n
2220,-36.846418 ,174.761639,,,,,
2221,u,n,k,n,o,w,n
2222,-13.716985 ,-76.205805,,,,,
2223,52.171533 ,20.973048,,,,,
2224,u,n,k,n,o,w,n
2225,u,n,k,n,o,w,n
2226,u,n,k,n,o,w,n
2227,u,n,k,n,o,w,n
2228,u,n,k,n,o,w,n
2229,45.154542 ,-64.398833,,,,,
2230,39.029027 ,-96.829684,,,,,
2231,u,n,k,n,o,w,n
2232,51.450806 ,-1.047016,,,,,
2233,u,n,k,n,o,w,n
2234,42.83333 ,12.83333,,,,,
2235,u,n,k,n,o,w,n
2236,u,n,k,n,o,w,n
2237,40 ,-4,,,,,
2238,u,n,k,n,o,w,n
2239,u,n,k,n,o,w,n
2240,u,n,k,n,o,w,n
2241,28.486359 ,-16.317929,,,,,
2242,u,n,k,n,o,w,n
2243,49.95972 ,11.91072,,,,,
2244,41.400178 ,2.191572,,,,,
2245,40.483359 ,-3.667923,,,,,
2246,33.374755 ,130.194511,,,,,
2247,u,n,k,n,o,w,n
2248,u,n,k,n,o,w,n
2249,u,n,k,n,o,w,n
2250,u,n,k,n,o,w,n
2251,u,n,k,n,o,w,n
2252,-12.162391 ,-76.997239,,,,,
2253,u,n,k,n,o,w,n
2254,40.927641 ,-8.572243,,,,,
2255,40 ,-4,,,,,
2256,40 ,-4,,,,,
2257,u,n,k,n,o,w,n
2258,u,n,k,n,o,w,n
2259,41.397742 ,2.200686,,,,,
2260,u,n,k,n,o,w,n
2261,u,n,k,n,o,w,n
2262,-15.244396 ,-40.24283,,,,,
2263,u,n,k,n,o,w,n
2264,u,n,k,n,o,w,n
2265,40 ,-4,,,,,
2266,u,n,k,n,o,w,n
2267,u,n,k,n,o,w,n
2268,41.396109 ,2.15224,,,,,
2269,34.51147 ,-110.079608,,,,,
2270,u,n,k,n,o,w,n
2271,u,n,k,n,o,w,n
2272,u,n,k,n,o,w,n
2273,45.786731 ,4.813551,,,,,
2274,40 ,-4,,,,,
2275,-37.7 ,145.18333,,,,,
2276,u,n,k,n,o,w,n
2277,32 ,-6,,,,,
2278,5.26176 ,-0.75897,,,,,
2279,u,n,k,n,o,w,n
2280,u,n,k,n,o,w,n
2281,u,n,k,n,o,w,n
2282,46.768653 ,17.655604,,,,,
2283,u,n,k,n,o,w,n
2284,43.045331 ,-9.246803,,,,,
2285,u,n,k,n,o,w,n
2286,51.478049 ,-0.607207,,,,,
2287,u,n,k,n,o,w,n
2288,-37.786167 ,144.8908,,,,,
2289,44.843169 ,-93.440391,,,,,
2290,u,n,k,n,o,w,n
2291,44.396444 ,-71.4396,,,,,
2292,u,n,k,n,o,w,n
2293,u,n,k,n,o,w,n
2294,41.382788 ,2.142822,,,,,
2295,u,n,k,n,o,w,n
2296,43.597919 ,1.395703,,,,,
2297,u,n,k,n,o,w,n
2298,u,n,k,n,o,w,n
2299,u,n,k,n,o,w,n
2300,u,n,k,n,o,w,n
2301,40 ,-4,,,,,
2302,31.205963 ,16.583621,,,,,
2303,50.881401 ,4.28982,,,,,
2304,u,n,k,n,o,w,n
2305,u,n,k,n,o,w,n
2306,u,n,k,n,o,w,n
2307,u,n,k,n,o,w,n
2308,u,n,k,n,o,w,n
2309,-20.463137 ,-41.414873,,,,,
2310,9.427095 ,49.002487,,,,,
2311,u,n,k,n,o,w,n
2312,u,n,k,n,o,w,n
2313,u,n,k,n,o,w,n
2314,37.598532 ,-93.431586,,,,,
2315,41.395983 ,2.196867,,,,,
2316,u,n,k,n,o,w,n
2317,-9.42547 ,147.111654,,,,,
2318,u,n,k,n,o,w,n
2319,38.09032 ,-92.29267,,,,,
2320,31.31517 ,-85.85522,,,,,
2321,u,n,k,n,o,w,n
2322,40.883642 ,0.804529,,,,,
2323,u,n,k,n,o,w,n
2324,u,n,k,n,o,w,n
2325,u,n,k,n,o,w,n
2326,40 ,-4,,,,,
2327,u,n,k,n,o,w,n
2328,u,n,k,n,o,w,n
2329,u,n,k,n,o,w,n
2330,51.068049 ,13.779595,,,,,
2331,u,n,k,n,o,w,n
2332,45.14914 ,11.82057,,,,,
2333,u,n,k,n,o,w,n
2334,48.16667 ,15.08333,,,,,
2335,u,n,k,n,o,w,n
2336,6.996299 ,-9.471709,,,,,
2337,u,n,k,n,o,w,n
2338,u,n,k,n,o,w,n
2339,u,n,k,n,o,w,n
2340,u,n,k,n,o,w,n
2341,u,n,k,n,o,w,n
2342,48.849147 ,2.352669,,,,,
2343,u,n,k,n,o,w,n
2344,u,n,k,n,o,w,n
2345,8.5 ,-11.5,,,,,
2346,u,n,k,n,o,w,n
2347,36.983414 ,-122.056168,,,,,
2348,47.269234 ,11.182966,,,,,
2349,u,n,k,n,o,w,n
2350,50.857585 ,5.809624,,,,,
2351,u,n,k,n,o,w,n
2352,49.711287 ,-54.059949,,,,,
2353,46.946512 ,7.434997,,,,,
2354,u,n,k,n,o,w,n
2355,38.46806 ,106.27306,,,,,
2356,41.36169 ,-83.62299,,,,,
2357,25 ,45,,,,,
2358,u,n,k,n,o,w,n
2359,38.46806 ,106.27306,,,,,
2360,u,n,k,n,o,w,n
2361,u,n,k,n,o,w,n
2362,4.25 ,-74.18333,,,,,
2363,u,n,k,n,o,w,n
2364,u,n,k,n,o,w,n
2365,u,n,k,n,o,w,n
2366,u,n,k,n,o,w,n
2367,u,n,k,n,o,w,n
2368,u,n,k,n,o,w,n
2369,41.689785 ,-73.022303,,,,,
2370,43.570125 ,17.874871,,,,,
2371,u,n,k,n,o,w,n
2372,36.223189 ,43.992625,,,,,
2373,u,n,k,n,o,w,n
2374,53.566578 ,9.965491,,,,,
2375,u,n,k,n,o,w,n
2376,48.315259 ,14.305121,,,,,
2377,u,n,k,n,o,w,n
2378,38.46806 ,106.27306,,,,,
2379,u,n,k,n,o,w,n
2380,8.616696 ,-13.198092,,,,,
2381,u,n,k,n,o,w,n
2382,u,n,k,n,o,w,n
2383,49.170979 ,-66.334046,,,,,
2384,44.375875 ,7.522388,,,,,
2385,-22.47 ,-43.82556,,,,,
2386,51.315348 ,9.539097,,,,,
2387,52.275113 ,-1.547099,,,,,
2388,9.598 ,138.1665,,,,,
2389,u,n,k,n,o,w,n
2390,44.632531 ,-93.371892,,,,,
2391,19.426399 ,-99.170338,,,,,
2392,50.451827 ,30.525852,,,,,
2393,u,n,k,n,o,w,n
2394,u,n,k,n,o,w,n
2395,u,n,k,n,o,w,n
2396,u,n,k,n,o,w,n
2397,u,n,k,n,o,w,n
2398,-26.891587 ,-49.085871,,,,,
2399,u,n,k,n,o,w,n
2400,u,n,k,n,o,w,n
2401,48.110578 ,11.450668,,,,,
2402,41.135892 ,0.651719,,,,,
2403,42.392616 ,-71.259491,,,,,
2404,u,n,k,n,o,w,n
2405,40.107509 ,-89.376854,,,,,
2406,u,n,k,n,o,w,n
2407,47.451068 ,8.565125,,,,,
2408,u,n,k,n,o,w,n
2409,51.465532 ,-0.213083,,,,,
2410,u,n,k,n,o,w,n
2411,-22.854586 ,-47.049094,,,,,
2412,u,n,k,n,o,w,n
2413,u,n,k,n,o,w,n
2414,u,n,k,n,o,w,n
2415,50.969546 ,-0.883874,,,,,
2416,u,n,k,n,o,w,n
2417,55.763682 ,37.642162,,,,,
2418,u,n,k,n,o,w,n
2419,-34.623945 ,-58.427,,,,,
2420,42.242865 ,-83.744346,,,,,
2421,u,n,k,n,o,w,n
2422,u,n,k,n,o,w,n
2423,55.857808 ,48.819654,,,,,
2424,u,n,k,n,o,w,n
2425,u,n,k,n,o,w,n
2426,49.51281 ,5.935415,,,,,
2427,u,n,k,n,o,w,n
2428,48.829077 ,2.237703,,,,,
2429,u,n,k,n,o,w,n
2430,52.504678 ,13.449021,,,,,
2431,-11.924823 ,-77.083473,,,,,
2432,u,n,k,n,o,w,n
2433,38.750319 ,-91.966016,,,,,
2434,u,n,k,n,o,w,n
2435,u,n,k,n,o,w,n
2436,38.46806 ,106.27306,,,,,
2437,47.390891 ,8.055779,,,,,
2438,u,n,k,n,o,w,n
2439,u,n,k,n,o,w,n
2440,50.985836 ,-0.273958,,,,,
2441,u,n,k,n,o,w,n
2442,40.62976 ,-91.31515,,,,,
2443,37.230614 ,-94.831904,,,,,
2444,48.841691 ,2.242722,,,,,
2445,49.964436 ,11.603404,,,,,
2446,u,n,k,n,o,w,n
2447,u,n,k,n,o,w,n
2448,47.796439 ,9.624863,,,,,
2449,u,n,k,n,o,w,n
2450,u,n,k,n,o,w,n
2451,48.034551 ,11.587031,,,,,
2452,u,n,k,n,o,w,n
2453,48.864212 ,2.360936,,,,,
2454,u,n,k,n,o,w,n
2455,u,n,k,n,o,w,n
2456,u,n,k,n,o,w,n
2457,26.493888 ,127.865372,,,,,
2458,47.23333 ,22.65,,,,,
2459,u,n,k,n,o,w,n
2460,25.029422 ,-77.361956,,,,,
2461,u,n,k,n,o,w,n
2462,46.379475 ,11.106842,,,,,
2463,52.25 ,5.75,,,,,
2464,48.355657 ,9.915378,,,,,
2465,u,n,k,n,o,w,n
2466,38.46806 ,106.27306,,,,,
2467,u,n,k,n,o,w,n
2468,u,n,k,n,o,w,n
2469,40 ,-4,,,,,
2470,u,n,k,n,o,w,n
2471,u,n,k,n,o,w,n
2472,25.029422 ,-77.361956,,,,,
2473,u,n,k,n,o,w,n
2474,u,n,k,n,o,w,n
2475,49.459294 ,9.889831,,,,,
2476,u,n,k,n,o,w,n
2477,50.459621 ,3.929831,,,,,
2478,6.89359 ,80.596756,,,,,
2479,47.107771 ,-101.352449,,,,,
2480,u,n,k,n,o,w,n
2481,46.263781 ,8.696755,,,,,
2482,u,n,k,n,o,w,n
2483,u,n,k,n,o,w,n
2484,u,n,k,n,o,w,n
2485,-23.26536 ,-45.892858,,,,,
2486,u,n,k,n,o,w,n
2487,u,n,k,n,o,w,n
2488,u,n,k,n,o,w,n
2489,u,n,k,n,o,w,n
2490,u,n,k,n,o,w,n
2491,-3.20333 ,-52.20639,,,,,
2492,8.5 ,-11.5,,,,,
2493,u,n,k,n,o,w,n
2494,u,n,k,n,o,w,n
2495,23.504868 ,72.41884,,,,,
2496,47.449561 ,8.56496,,,,,
2497,u,n,k,n,o,w,n
2498,u,n,k,n,o,w,n
2499,u,n,k,n,o,w,n
2500,37.09784 ,41.4322,,,,,
2501,u,n,k,n,o,w,n
2502,u,n,k,n,o,w,n
2503,u,n,k,n,o,w,n
2504,33.5102 ,36.29128,,,,,
2505,8.5 ,-11.5,,,,,
2506,u,n,k,n,o,w,n
2507,u,n,k,n,o,w,n
2508,33.7208 ,-117.75168,,,,,
2509,40.558449 ,-8.413426,,,,,
2510,u,n,k,n,o,w,n
2511,u,n,k,n,o,w,n
2512,u,n,k,n,o,w,n
2513,52.845879 ,8.040395,,,,,
2514,49.474632 ,8.509317,,,,,
2515,47.5253 ,18.993636,,,,,
2516,52.854463 ,-119.246012,,,,,
2517,u,n,k,n,o,w,n
2518,52.388861 ,9.749965,,,,,
2519,u,n,k,n,o,w,n
2520,u,n,k,n,o,w,n
2521,u,n,k,n,o,w,n
2522,u,n,k,n,o,w,n
2523,u,n,k,n,o,w,n
2524,46.762732 ,-56.177695,,,,,
2525,u,n,k,n,o,w,n
2526,38.46806 ,106.27306,,,,,
2527,u,n,k,n,o,w,n
2528,u,n,k,n,o,w,n
2529,u,n,k,n,o,w,n
2530,u,n,k,n,o,w,n
2531,41.695095 ,2.509612,,,,,
2532,u,n,k,n,o,w,n
2533,52.079298 ,4.354722,,,,,
2534,u,n,k,n,o,w,n
2535,30.893878 ,-82.692347,,,,,
2536,u,n,k,n,o,w,n
2537,48.944688 ,8.381103,,,,,
2538,u,n,k,n,o,w,n
2539,u,n,k,n,o,w,n
2540,u,n,k,n,o,w,n
2541,u,n,k,n,o,w,n
2542,u,n,k,n,o,w,n
2543,35.679283 ,139.80956,,,,,
2544,55.835634 ,37.954136,,,,,
2545,u,n,k,n,o,w,n
2546,50.645268 ,6.922865,,,,,
2547,u,n,k,n,o,w,n
2548,53.540602 ,14.552663,,,,,
2549,48.190028 ,16.351035,,,,,
2550,36.168268 ,-86.779651,,,,,
2551,u,n,k,n,o,w,n
2552,u,n,k,n,o,w,n
2553,13.007822 ,77.564494,,,,,
2554,u,n,k,n,o,w,n
2555,u,n,k,n,o,w,n
2556,u,n,k,n,o,w,n
2557,u,n,k,n,o,w,n
2558,u,n,k,n,o,w,n
2559,u,n,k,n,o,w,n
2560,u,n,k,n,o,w,n
2561,u,n,k,n,o,w,n
2562,30.632654 ,-88.073234,,,,,
2563,u,n,k,n,o,w,n
2564,-26.672146 ,153.096088,,,,,
2565,u,n,k,n,o,w,n
2566,u,n,k,n,o,w,n
2567,u,n,k,n,o,w,n
2568,u,n,k,n,o,w,n
2569,35.609479 ,140.305566,,,,,
2570,u,n,k,n,o,w,n
2571,u,n,k,n,o,w,n
2572,u,n,k,n,o,w,n
2573,u,n,k,n,o,w,n
2574,u,n,k,n,o,w,n
2575,u,n,k,n,o,w,n
2576,8.5 ,-11.5,,,,,
2577,u,n,k,n,o,w,n
2578,u,n,k,n,o,w,n
2579,u,n,k,n,o,w,n
2580,u,n,k,n,o,w,n
2581,u,n,k,n,o,w,n
2582,u,n,k,n,o,w,n
2583,34.23314 ,-102.41075,,,,,
2584,u,n,k,n,o,w,n
2585,u,n,k,n,o,w,n
2586,8.5 ,-11.5,,,,,
2587,u,n,k,n,o,w,n
2588,u,n,k,n,o,w,n
2589,u,n,k,n,o,w,n
2590,u,n,k,n,o,w,n
2591,u,n,k,n,o,w,n
2592,37.942583 ,23.645261,,,,,
2593,13.042322 ,77.529426,,,,,
2594,u,n,k,n,o,w,n
2595,u,n,k,n,o,w,n
2596,u,n,k,n,o,w,n
2597,u,n,k,n,o,w,n
2598,13.16667 ,-59.53333,,,,,
2599,u,n,k,n,o,w,n
2600,u,n,k,n,o,w,n
2601,39.322584 ,-76.608112,,,,,
2602,u,n,k,n,o,w,n
2603,u,n,k,n,o,w,n
2604,u,n,k,n,o,w,n
2605,u,n,k,n,o,w,n
2606,46 ,2,,,,,
2607,u,n,k,n,o,w,n
2608,58.555202 ,26.712397,,,,,
2609,43.233655 ,-2.764133,,,,,
2610,-0.279479 ,-78.467519,,,,,
2611,u,n,k,n,o,w,n
2612,53.785571 ,-3.046295,,,,,
2613,u,n,k,n,o,w,n
2614,u,n,k,n,o,w,n
2615,u,n,k,n,o,w,n
2616,50.658549 ,6.694074,,,,,
2617,36.052257 ,-102.002399,,,,,
2618,u,n,k,n,o,w,n
2619,u,n,k,n,o,w,n
2620,22 ,-102.5,,,,,
2621,u,n,k,n,o,w,n
2622,8.5 ,-11.5,,,,,
2623,40 ,-4,,,,,
2624,u,n,k,n,o,w,n
2625,u,n,k,n,o,w,n
2626,51.537422 ,-0.061001,,,,,
2627,-2.91673 ,104.7458,,,,,
2628,u,n,k,n,o,w,n
2629,u,n,k,n,o,w,n
2630,-34.57016 ,-58.450006,,,,,
2631,u,n,k,n,o,w,n
2632,u,n,k,n,o,w,n
2633,u,n,k,n,o,w,n
2634,u,n,k,n,o,w,n
2635,u,n,k,n,o,w,n
2636,u,n,k,n,o,w,n
2637,u,n,k,n,o,w,n
